Method,Dataset,Feature_Short,Score_TX,Score_Nationwide,Score_Diff,Abs_Diff
LightGBM Importance,Complete Cohort,Agency Medicare Number freq,25.0,154.0,-129.0,129.0
LightGBM Importance,Complete Cohort,Facility Internal ID freq,140.0,257.0,-117.0,117.0
LightGBM Importance,Heart Failure Patients,Agency Medicare Number freq,4.0,112.0,-108.0,108.0
LightGBM Importance,Hypertensive Patients,Agency Medicare Number freq,7.0,100.0,-93.0,93.0
LightGBM Importance,Heart Failure Patients,Days Cared For,294.0,382.0,-88.0,88.0
LightGBM Importance,Hypertensive Patients,Primary Dx – Circulatory: I50.22,0.0,87.0,-87.0,87.0
LightGBM Importance,Heart Failure Patients,Facility Internal ID freq,174.0,96.0,78.0,78.0
LightGBM Importance,Diabetic Patients,Agency Medicare Number freq,13.0,90.0,-77.0,77.0
LightGBM Importance,Hypertensive Patients,"Primary Dx – Circulatory: I10., M62.81",58.0,0.0,58.0,58.0
LightGBM Importance,Hypertensive Patients,HYPUNC,28.0,86.0,-58.0,58.0
LightGBM Importance,Hypertensive Patients,HYPC,25.0,78.0,-53.0,53.0
LightGBM Importance,Heart Failure Patients,CHF,52.0,93.0,-41.0,41.0
LightGBM Importance,Diabetic Patients,Facility Internal ID freq,159.0,120.0,39.0,39.0
LightGBM Importance,Hypertensive Patients,Dx5 – Circulatory: I50.22,2.0,40.0,-38.0,38.0
LightGBM Importance,Complete Cohort,Age,148.0,111.0,37.0,37.0
LightGBM Importance,Complete Cohort,ByDiscipline RN,14.0,50.0,-36.0,36.0
LightGBM Importance,Diabetic Patients,Primary Dx – Genitourinary: N18.5,8.0,42.0,-34.0,34.0
LightGBM Importance,Hypertensive Patients,Acs % Hh Sat Internet,46.0,13.0,33.0,33.0
LightGBM Importance,Hypertensive Patients,Facility Internal ID freq,156.0,123.0,33.0,33.0
LightGBM Importance,Heart Failure Patients,Primary Dx – Circulatory: I50.22,2.0,35.0,-33.0,33.0
LightGBM Importance,Complete Cohort,HIPPS: Other,48.0,17.0,31.0,31.0
LightGBM Importance,Complete Cohort,Acs % Hh Cellular Only,31.0,1.0,30.0,30.0
LightGBM Importance,Hypertensive Patients,elix swiss score,46.0,75.0,-29.0,29.0
LightGBM Importance,Diabetic Patients,Dx5 – Circulatory: I50.22,0.0,29.0,-29.0,29.0
LightGBM Importance,Heart Failure Patients,"Dx4 – Circulatory: I10., M62.81",29.0,1.0,28.0,28.0
LightGBM Importance,Complete Cohort,Dx5 – Circulatory: I50.22,0.0,26.0,-26.0,26.0
LightGBM Importance,Complete Cohort,Acs % Hh Broadband Only,32.0,6.0,26.0,26.0
LightGBM Importance,Hypertensive Patients,Age,147.0,121.0,26.0,26.0
LightGBM Importance,Diabetic Patients,Age,149.0,123.0,26.0,26.0
LightGBM Importance,Hypertensive Patients,"Dx5 – Circulatory: I10., M62.81",26.0,0.0,26.0,26.0
LightGBM Importance,Hypertensive Patients,Days Cared For,360.0,334.0,26.0,26.0
LightGBM Importance,Hypertensive Patients,charlson ageadj,28.0,3.0,25.0,25.0
LightGBM Importance,Complete Cohort,elix quan ageadj,26.0,2.0,24.0,24.0
LightGBM Importance,Diabetic Patients,Primary Dx – Circulatory: I50.22,0.0,24.0,-24.0,24.0
LightGBM Importance,Heart Failure Patients,Dx5 – Circulatory: I50.22,4.0,28.0,-24.0,24.0
LightGBM Importance,Hypertensive Patients,Dx4 – Circulatory: I50.22,1.0,25.0,-24.0,24.0
LightGBM Importance,Diabetic Patients,"Primary Dx – Circulatory: I10., M62.81",24.0,0.0,24.0,24.0
LightGBM Importance,Diabetic Patients,Acs % No Work No Schl 16 19,33.0,9.0,24.0,24.0
LightGBM Importance,Hypertensive Patients,Dx3 – Circulatory: I50.22,0.0,23.0,-23.0,23.0
LightGBM Importance,Heart Failure Patients,elix quan ageadj,35.0,12.0,23.0,23.0
LightGBM Importance,Complete Cohort,"Dx5 – Circulatory: I10., M62.81",23.0,0.0,23.0,23.0
LightGBM Importance,Diabetic Patients,elix quan ageadj,30.0,7.0,23.0,23.0
LightGBM Importance,Diabetic Patients,Days Cared For,316.0,338.0,-22.0,22.0
LightGBM Importance,Diabetic Patients,"Dx5 – Circulatory: I10., M62.81",22.0,0.0,22.0,22.0
LightGBM Importance,Complete Cohort,"Primary Dx – Circulatory: I10., M62.81",22.0,0.0,22.0,22.0
LightGBM Importance,Hypertensive Patients,Acs % Pov Other,28.0,6.0,22.0,22.0
LightGBM Importance,Heart Failure Patients,Gender Male,23.0,1.0,22.0,22.0
LightGBM Importance,Hypertensive Patients,elix quan ageadj,29.0,7.0,22.0,22.0
LightGBM Importance,Diabetic Patients,"Dx1 – Circulatory: I10., M62.81",22.0,0.0,22.0,22.0
LightGBM Importance,Complete Cohort,elix swiss score,62.0,41.0,21.0,21.0
LightGBM Importance,Complete Cohort,Acs % Hh Sat Internet,27.0,6.0,21.0,21.0
LightGBM Importance,Hypertensive Patients,Acs % College Associate Dgr,29.0,8.0,21.0,21.0
LightGBM Importance,Heart Failure Patients,"Primary Dx – Circulatory: I10., M62.81",21.0,0.0,21.0,21.0
LightGBM Importance,Hypertensive Patients,elix swiss ageadj,36.0,15.0,21.0,21.0
LightGBM Importance,Hypertensive Patients,"Dx4 – Circulatory: I10., M62.81",22.0,1.0,21.0,21.0
LightGBM Importance,Complete Cohort,Acs % Health Inc 200 399,21.0,0.0,21.0,21.0
LightGBM Importance,Diabetic Patients,Acs % Hh Limit English,20.0,40.0,-20.0,20.0
LightGBM Importance,Heart Failure Patients,HYPUNC,8.0,28.0,-20.0,20.0
LightGBM Importance,Diabetic Patients,elix swiss ageadj,31.0,11.0,20.0,20.0
LightGBM Importance,Diabetic Patients,"Dx2 – Circulatory: I10., M62.81",20.0,0.0,20.0,20.0
LightGBM Importance,Heart Failure Patients,Acs % Hh Limit English,23.0,43.0,-20.0,20.0
LightGBM Importance,Diabetic Patients,Acs % Pov Multi,30.0,11.0,19.0,19.0
LightGBM Importance,Diabetic Patients,Primary Dx – Endocrine/Metabolic: E11.65,19.0,0.0,19.0,19.0
LightGBM Importance,Complete Cohort,Acs % Hh Limit English,11.0,30.0,-19.0,19.0
LightGBM Importance,Diabetic Patients,Primary Diagnosis ICD 10 C M Code Cluster Other,19.0,0.0,19.0,19.0
LightGBM Importance,Heart Failure Patients,Dx4 – Circulatory: I50.22,1.0,20.0,-19.0,19.0
LightGBM Importance,Diabetic Patients,Dx4 – Circulatory: I50.22,1.0,20.0,-19.0,19.0
LightGBM Importance,Diabetic Patients,CANC,4.0,22.0,-18.0,18.0
LightGBM Importance,Heart Failure Patients,POP RUR,17.0,35.0,-18.0,18.0
LightGBM Importance,Complete Cohort,County: Leon,0.0,18.0,-18.0,18.0
LightGBM Importance,Complete Cohort,"Dx4 – Circulatory: I10., M62.81",17.0,0.0,17.0,17.0
LightGBM Importance,Complete Cohort,charlson score,34.0,17.0,17.0,17.0
LightGBM Importance,Complete Cohort,Days Cared For,369.0,352.0,17.0,17.0
LightGBM Importance,Heart Failure Patients,"Dx1 – Circulatory: I10., M62.81",17.0,0.0,17.0,17.0
LightGBM Importance,Complete Cohort,elix swiss ageadj,22.0,5.0,17.0,17.0
LightGBM Importance,Heart Failure Patients,Dx2 – Factors Influencing Health Status: Z79.82,16.0,0.0,16.0,16.0
LightGBM Importance,Heart Failure Patients,elix swiss ageadj,30.0,14.0,16.0,16.0
LightGBM Importance,Heart Failure Patients,Acs % Hh Internet No Subs,18.0,34.0,-16.0,16.0
LightGBM Importance,Heart Failure Patients,Acs % Pov Multi,32.0,17.0,15.0,15.0
LightGBM Importance,Heart Failure Patients,dementia,1.0,16.0,-15.0,15.0
Variance Threshold,Heart Failure Patients,Dx1 – Cluster 58,1.000000007417502,0.0,1.000000007417502,1.000000007417502
Variance Threshold,Heart Failure Patients,AIDS,0.0,1.00000000659084,-1.00000000659084,1.00000000659084
Variance Threshold,Diabetic Patients,AIDS,0.0,0.9999999844409404,-0.9999999844409404,0.9999999844409404
Variance Threshold,Hypertensive Patients,AIDS,0.0,0.9999999067886814,-0.9999999067886814,0.9999999067886814
HIR-M3 Attention Importance,Diabetic Patients,County: Hopkins,1.0,0.0050544408150017,0.9949455591849983,0.9949455591849983
HIR-M3 Attention Importance,Heart Failure Patients,HIPPS: 3BHKS,1.0,0.0055943219922482,0.9944056780077518,0.9944056780077518
HIR-M3 Attention Importance,Diabetic Patients,County: Martin,0.9817072749137878,0.0023797845933586,0.9793274903204292,0.9793274903204292
HIR-M3 Attention Importance,Diabetic Patients,PCD,0.9049375653266908,0.0017548409523442,0.9031827243743465,0.9031827243743465
HIR-M3 Attention Importance,Heart Failure Patients,HIPPS: 1CHLT,0.8696619868278503,0.0033042051363736,0.8663577816914767,0.8663577816914767
HIR-M3 Attention Importance,Diabetic Patients,Dx1 – Digestive: K21.9,0.8614208698272705,0.0022660547401756,0.8591548150870949,0.8591548150870949
HIR-M3 Attention Importance,Diabetic Patients,Primary Dx – Musculoskeletal: M15.0,0.8009936213493347,0.0014998518163338,0.7994937695330009,0.7994937695330009
HIR-M3 Attention Importance,Diabetic Patients,County: Jones,0.8011380434036255,0.0018898145062848,0.7992482288973407,0.7992482288973407
HIR-M3 Attention Importance,Diabetic Patients,Primary Dx – Musculoskeletal: M15.0,0.8009936213493347,0.0026516888756304,0.7983419324737043,0.7983419324737043
HIR-M3 Attention Importance,Diabetic Patients,Dx2 – Respiratory: J20.9,0.782263457775116,0.0014001411618664,0.7808633166132496,0.7808633166132496
HIR-M3 Attention Importance,Diabetic Patients,Dx2 – Respiratory: J20.9,0.782263457775116,0.0019656119402498,0.7802978458348662,0.7802978458348662
HIR-M3 Attention Importance,Diabetic Patients,HIPPS: 1CHNU,0.7804014086723328,0.0022494138684123,0.7781519948039205,0.7781519948039205
HIR-M3 Attention Importance,Diabetic Patients,HIPPS: 1AFKS,0.7975866794586182,0.0222595855593681,0.77532709389925,0.77532709389925
HIR-M3 Attention Importance,Diabetic Patients,County: Brazos,0.7730437517166138,0.000894475961104,0.7721492757555097,0.7721492757555097
HIR-M3 Attention Importance,Diabetic Patients,"Dx4 – Endocrine/Metabolic: E78.5, E03.9",0.7537139654159546,0.0015883971937,0.7521255682222546,0.7521255682222546
HIR-M3 Attention Importance,Diabetic Patients,"Dx4 – Endocrine/Metabolic: E78.5, E03.9",0.7537139654159546,0.0019633169285953,0.7517506484873593,0.7517506484873593
HIR-M3 Attention Importance,Diabetic Patients,Dx1 – Cluster 72,0.7475592494010925,0.0016629794845357,0.7458962699165568,0.7458962699165568
HIR-M3 Attention Importance,Diabetic Patients,HIPPS: 1AFKT,0.7490373849868774,0.0031733466312289,0.7458640383556485,0.7458640383556485
HIR-M3 Attention Importance,Diabetic Patients,HIPPS: 2BGLT,0.7451779842376709,0.0014038246590644,0.7437741595786065,0.7437741595786065
HIR-M3 Attention Importance,Heart Failure Patients,"Dx4 – Factors Influencing Health Status: Z96.641, M16.11",0.7336101531982422,0.0007658046670258,0.7328443485312164,0.7328443485312164
HIR-M3 Attention Importance,Heart Failure Patients,"Dx4 – Factors Influencing Health Status: Z96.641, M16.11",0.7336101531982422,0.001209812820889,0.7324003403773532,0.7324003403773532
HIR-M3 Attention Importance,Diabetic Patients,Dx4 – Digestive: K21.9,0.7278976440429688,0.0013392829569056,0.7265583610860632,0.7265583610860632
HIR-M3 Attention Importance,Diabetic Patients,"Dx1 – Respiratory: J18.9, J44.0",0.7204728126525879,0.0025689622852951,0.7179038503672928,0.7179038503672928
HIR-M3 Attention Importance,Diabetic Patients,HIPPS: 1AGPS,0.7168245911598206,0.0008038152591325,0.716020775900688,0.716020775900688
HIR-M3 Attention Importance,Heart Failure Patients,Dx1 – Cluster 35,0.6964178085327148,0.0048353904858231,0.6915824180468917,0.6915824180468917
HIR-M3 Attention Importance,Heart Failure Patients,"Dx5 – Factors Influencing Health Status: Z96.651, M17.11",0.6657863855361938,0.001370498444885,0.6644158870913088,0.6644158870913088
HIR-M3 Attention Importance,Hypertensive Patients,HYPUNC,1.0,0.3418388366699219,0.6581611633300781,0.6581611633300781
HIR-M3 Attention Importance,Heart Failure Patients,"Dx4 – Musculoskeletal: M25.561, M25.562",0.6524109840393066,0.0008317229221574,0.6515792611171493,0.6515792611171493
HIR-M3 Attention Importance,Heart Failure Patients,County: Orange,0.6305431127548218,0.0003302599070593,0.6302128528477625,0.6302128528477625
HIR-M3 Attention Importance,Heart Failure Patients,Dx1 – Digestive: K21.9,0.624693751335144,0.0008655553683638,0.6238281959667803,0.6238281959667803
HIR-M3 Attention Importance,Heart Failure Patients,County: Caldwell,0.6197581887245178,0.0005641343304887,0.6191940543940291,0.6191940543940291
HIR-M3 Attention Importance,Heart Failure Patients,County: Llano,0.5898032188415527,0.0011685648933053,0.5886346539482474,0.5886346539482474
HIR-M3 Attention Importance,Heart Failure Patients,Days Cared For,0.4116683900356293,1.0,-0.5883316099643707,0.5883316099643707
HIR-M3 Attention Importance,Heart Failure Patients,Dx1 – Cluster 139,0.5807355046272278,0.004298863466829,0.5764366411603988,0.5764366411603988
HIR-M3 Attention Importance,Heart Failure Patients,County: Erath,0.5755990147590637,0.0008567519835196,0.5747422627755441,0.5747422627755441
HIR-M3 Attention Importance,Heart Failure Patients,Dx5 – Factors Influencing Health Status: Z79.891,0.5590807795524597,0.0006203702650964,0.5584604092873633,0.5584604092873633
HIR-M3 Attention Importance,Heart Failure Patients,Dx5 – Factors Influencing Health Status: Z79.891,0.5590807795524597,0.0029135702643543,0.5561672092881054,0.5561672092881054
HIR-M3 Attention Importance,Heart Failure Patients,Dx2 – Respiratory: J20.9,0.5521862506866455,0.0005060546100139,0.5516801960766317,0.5516801960766317
HIR-M3 Attention Importance,Heart Failure Patients,Dx2 – Respiratory: J20.9,0.5521862506866455,0.0033489030320197,0.5488373476546258,0.5488373476546258
HIR-M3 Attention Importance,Heart Failure Patients,"Dx5 – Musculoskeletal: M25.561, M25.562",0.5369344353675842,0.001488127047196,0.5354463083203882,0.5354463083203882
HIR-M3 Attention Importance,Heart Failure Patients,Dx1 – Factors Influencing Health Status: Z91.81,0.5348502397537231,0.0011714632855728,0.5336787764681503,0.5336787764681503
HIR-M3 Attention Importance,Hypertensive Patients,HYPC,0.0577891319990158,0.3341674506664276,-0.2763783186674118,0.2763783186674118
Random Forest Importance,Complete Cohort,Days Cared For,0.0907789563678258,0.3297989215059708,-0.239019965138145,0.239019965138145
HIR-M3 Attention Importance,Hypertensive Patients,REND,0.2268383204936981,0.0004372446273919,0.2264010758663062,0.2264010758663062
HIR-M3 Attention Importance,Hypertensive Patients,elix quan score,0.2821318507194519,0.0630458518862724,0.2190859988331795,0.2190859988331795
HIR-M3 Attention Importance,Complete Cohort,elix swiss score,0.2443193942308426,0.0296194087713956,0.214699985459447,0.214699985459447
Random Forest Importance,Hypertensive Patients,Days Cared For,0.0723780320040109,0.28516952157108,-0.21279148956706911,0.21279148956706911
HIR-M3 Attention Importance,Hypertensive Patients,HIPPS: 1BFKS,0.0198072008788585,0.2304199934005737,-0.2106127925217152,0.2106127925217152
HIR-M3 Attention Importance,Complete Cohort,charlson score,0.1945019662380218,0.0037040652241557,0.1907979010138661,0.1907979010138661
HIR-M3 Attention Importance,Hypertensive Patients,Days Cared For,0.8416997194290161,1.0,-0.1583002805709839,0.1583002805709839
Random Forest Importance,Heart Failure Patients,Days Cared For,0.0837116937173425,0.2347964546726832,-0.1510847609553407,0.1510847609553407
HIR-M3 Attention Importance,Hypertensive Patients,HIPPS: 2BGLS,0.024794427677989,0.1719008833169937,-0.1471064556390047,0.1471064556390047
HIR-M3 Attention Importance,Hypertensive Patients,Primary Dx – Circulatory: I50.22,0.0297047644853591,0.1619472354650497,-0.13224247097969058,0.13224247097969058
Lasso (L1 LogReg),Hypertensive Patients,HYPC,-0.1897877457451675,-0.3182442589580829,0.1284565132129154,0.1284565132129154
HIR-M3 Attention Importance,Hypertensive Patients,hypothy,0.0008117820252664,0.1273029893636703,-0.12649120733840388,0.12649120733840388
HIR-M3 Attention Importance,Hypertensive Patients,"Dx2 – Respiratory: J18.9, J44.0",0.1273949146270752,0.0068850666284561,0.1205098479986191,0.1205098479986191
Random Forest Importance,Diabetic Patients,Days Cared For,0.0713756597355415,0.1908353635154909,-0.11945970377994941,0.11945970377994941
HIR-M3 Attention Importance,Hypertensive Patients,Acs % Vet Pov 18 64,0.1174551174044609,0.0010062514338642,0.1164488659705967,0.1164488659705967
Lasso (L1 LogReg),Hypertensive Patients,"Primary Dx – Circulatory: I10., M62.81",-0.1137967911205656,-0.00178035133049,-0.1120164397900756,0.1120164397900756
HIR-M3 Attention Importance,Hypertensive Patients,HIPPS: 1AFPS,0.1116475164890289,0.0008011273457668,0.1108463891432621,0.1108463891432621
Lasso (L1 LogReg),Diabetic Patients,Primary Dx – Genitourinary: N18.5,0.0265854723116724,-0.0832865453419147,0.10987201765358709,0.10987201765358709
HIR-M3 Attention Importance,Hypertensive Patients,"Primary Dx – Factors Influencing Health Status: Z96.642, M16.12",0.1098599731922149,5.421523746917956e-05,0.10980575795474572,0.10980575795474572
HIR-M3 Attention Importance,Hypertensive Patients,HIPPS: 1BGKS,0.0108344759792089,0.1199791356921196,-0.1091446597129107,0.1091446597129107
HIR-M3 Attention Importance,Hypertensive Patients,Dx3 – Cluster 31,0.0120071750134229,0.1175092011690139,-0.105502026155591,0.105502026155591
Lasso (L1 LogReg),Hypertensive Patients,elix quan score,0.1716440557518751,0.0688146127062331,0.10282944304564201,0.10282944304564201
Lasso (L1 LogReg),Hypertensive Patients,Primary Dx – Circulatory: I50.22,0.0,-0.1016687238519818,0.1016687238519818,0.1016687238519818
HIR-M3 Attention Importance,Complete Cohort,Primary Dx – Mental/Behavioral: F03.90,0.1027294620871543,0.001332267303951,0.1013971947832033,0.1013971947832033
Lasso (L1 LogReg),Hypertensive Patients,elix swiss ageadj,0.0,-0.1005081593050799,0.1005081593050799,0.1005081593050799
HIR-M3 Attention Importance,Hypertensive Patients,Acs % Vet Bachelor,0.1010468453168869,0.0010114492615684,0.1000353960553185,0.1000353960553185
Lasso (L1 LogReg),Heart Failure Patients,Age,-0.0517840419566672,-0.1511667563757791,0.0993827144191119,0.0993827144191119
HIR-M3 Attention Importance,Hypertensive Patients,Primary Dx – Cluster 118,0.0999424532055854,0.000648402259685,0.0992940509459004,0.0992940509459004
HIR-M3 Attention Importance,Hypertensive Patients,HIPPS: Other,0.1003007590770721,0.0029160750564187,0.0973846840206534,0.0973846840206534
HIR-M3 Attention Importance,Complete Cohort,Primary Dx – Mental/Behavioral: F03.90,0.1027294620871543,0.0060903481207787,0.0966391139663756,0.0966391139663756
Random Forest Importance,Heart Failure Patients,CHF,0.0161667335880089,0.1121866461731964,-0.0960199125851875,0.0960199125851875
HIR-M3 Attention Importance,Complete Cohort,elix swiss ageadj,0.0950567722320556,0.0035471525043249,0.0915096197277307,0.0915096197277307
HIR-M3 Attention Importance,Hypertensive Patients,COPD,0.0182989612221717,0.1093600019812583,-0.0910610407590866,0.0910610407590866
HIR-M3 Attention Importance,Hypertensive Patients,County: Harris,0.0164773259311914,0.1040753498673439,-0.0875980239361525,0.0875980239361525
Lasso (L1 LogReg),Hypertensive Patients,CHF,0.0,0.0871165045297386,-0.0871165045297386,0.0871165045297386
HIR-M3 Attention Importance,Complete Cohort,White,0.0853524729609489,0.0013978346250951,0.0839546383358538,0.0839546383358538
HIR-M3 Attention Importance,Complete Cohort,elix quan score,0.0879770144820213,0.0052140676416456,0.0827629468403757,0.0827629468403757
HIR-M3 Attention Importance,Complete Cohort,"Dx4 – Circulatory: I10., M62.81",0.0844660848379135,0.0021927710622549,0.0822733137756586,0.0822733137756586
Lasso (L1 LogReg),Diabetic Patients,Primary Dx – Endocrine/Metabolic: E11.65,-0.0605122483404239,0.0182977041588259,-0.0788099524992498,0.0788099524992498
Lasso (L1 LogReg),Hypertensive Patients,Dx5 – Circulatory: I50.22,0.0058863093610324,0.0836194835244891,-0.0777331741634567,0.0777331741634567
Lasso (L1 LogReg),Hypertensive Patients,charlson score,0.0137355450452685,0.0909411138726397,-0.0772055688273712,0.0772055688273712
Lasso (L1 LogReg),Hypertensive Patients,Dx4 – Circulatory: I50.22,0.001274324312522,0.0784500517552348,-0.0771757274427128,0.0771757274427128
Lasso (L1 LogReg),Hypertensive Patients,"Dx5 – Circulatory: I10., M62.81",0.0749149459800656,0.0008751125319986,0.074039833448067,0.074039833448067
HIR-M3 Attention Importance,Complete Cohort,COPD,0.0699977502226829,0.0025530746206641,0.06744467560201879,0.06744467560201879
Lasso (L1 LogReg),Diabetic Patients,Dx5 – Circulatory: I50.22,0.0,0.0658241472450574,-0.0658241472450574,0.0658241472450574
Lasso (L1 LogReg),Hypertensive Patients,"Dx4 – Circulatory: I10., M62.81",0.0775843309544345,0.0123119053856191,0.06527242556881539,0.06527242556881539
Lasso (L1 LogReg),Diabetic Patients,Days Cared For,0.6095190132661553,0.6723329217208817,-0.06281390845472634,0.06281390845472634
Lasso (L1 LogReg),Hypertensive Patients,POP URB,0.0179624992958463,-0.0448176678401113,0.0627801671359576,0.0627801671359576
Lasso (L1 LogReg),Diabetic Patients,elix swiss score,0.0614952136896148,0.0,0.0614952136896148,0.0614952136896148
Lasso (L1 LogReg),Diabetic Patients,"Dx5 – Circulatory: I10., M62.81",0.060878399316729,0.0,0.060878399316729,0.060878399316729
Lasso (L1 LogReg),Diabetic Patients,Primary Dx – Endocrine/Metabolic: E11.65,-0.0605122483404239,0.0,-0.0605122483404239,0.0605122483404239
Lasso (L1 LogReg),Heart Failure Patients,"Dx4 – Circulatory: I10., M62.81",0.0540601047979295,-0.0059512071391135,0.060011311937042996,0.060011311937042996
HIR-M3 Attention Importance,Complete Cohort,Primary Dx – Cluster 176,0.0597855374217033,0.0022598297800868,0.0575257076416165,0.0575257076416165
Lasso (L1 LogReg),Hypertensive Patients,Dx3 – Circulatory: I50.22,0.0020099696942043,0.0587812485519164,-0.056771278857712104,0.056771278857712104
Lasso (L1 LogReg),Hypertensive Patients,HYPUNC,-0.278693456724532,-0.3342179658450927,0.05552450912056073,0.05552450912056073
Lasso (L1 LogReg),Diabetic Patients,CHF,0.0279595559451492,0.0826587286990233,-0.0546991727538741,0.0546991727538741
Lasso (L1 LogReg),Diabetic Patients,elix quan score,0.1285189970727751,0.0739044403464549,0.05461455672632019,0.05461455672632019
Lasso (L1 LogReg),Diabetic Patients,BMI: Obese Class1,-0.0016598868906192,-0.0557451919350288,0.054085305044409594,0.054085305044409594
Lasso (L1 LogReg),Hypertensive Patients,CEVD,0.0,-0.0539949131294867,0.0539949131294867,0.0539949131294867
HIR-M3 Attention Importance,Complete Cohort,County: Martin,0.0558605566620826,0.002347060944885,0.0535134957171976,0.0535134957171976
HIR-M3 Attention Importance,Complete Cohort,County: Aransas,0.0536312572658062,0.0016477390890941,0.051983518176712096,0.051983518176712096
Lasso (L1 LogReg),Diabetic Patients,BMI: Obese Class2,0.0,-0.0513368878239897,0.0513368878239897,0.0513368878239897
Lasso (L1 LogReg),Diabetic Patients,"Primary Dx – Circulatory: I10., M62.81",-0.0492976625474253,0.001900553928634,-0.0511982164760593,0.0511982164760593
Lasso (L1 LogReg),Diabetic Patients,"Dx1 – Circulatory: I10., M62.81",-0.0460931153720887,0.0050891401157789,-0.051182255487867596,0.051182255487867596
Lasso (L1 LogReg),Hypertensive Patients,CARIT,0.0,0.0498351774258066,-0.0498351774258066,0.0498351774258066
Lasso (L1 LogReg),Diabetic Patients,Dx4 – Circulatory: I50.22,0.0011697540855448,0.0503400875849227,-0.0491703334993779,0.0491703334993779
Lasso (L1 LogReg),Hypertensive Patients,HIPPS: Other,0.0823988588172883,0.0335183343744225,0.0488805244428658,0.0488805244428658
Lasso (L1 LogReg),Heart Failure Patients,Dx3 – Circulatory: I50.22,0.0010281771999186,0.0495079839226947,-0.048479806722776096,0.048479806722776096
HIR-M3 Attention Importance,Complete Cohort,County: Gillespie,0.0506669208407402,0.0027198542375117,0.0479470666032285,0.0479470666032285
HIR-M3 Attention Importance,Complete Cohort,Acs % Hh No Comp Dev,0.0501959957182407,0.0025875514838844,0.047608444234356305,0.047608444234356305
Lasso (L1 LogReg),Hypertensive Patients,charlson survival 10yr,-0.0085105813849807,-0.0558791456056093,0.0473685642206286,0.0473685642206286
Lasso (L1 LogReg),Heart Failure Patients,Dx4 – Circulatory: I50.22,0.0,0.0467695743119343,-0.0467695743119343,0.0467695743119343
Lasso (L1 LogReg),Hypertensive Patients,Days Cared For,0.5700216069230429,0.6166768511948586,-0.046655244271815666,0.046655244271815666
Lasso (L1 LogReg),Hypertensive Patients,Dx2 – Circulatory: I50.22,0.0105652037929329,0.0563116244173035,-0.0457464206243706,0.0457464206243706
Lasso (L1 LogReg),Heart Failure Patients,Dx2 – Factors Influencing Health Status: Z79.82,0.0479020914057349,0.0024101500212357,0.0454919413844992,0.0454919413844992
Lasso (L1 LogReg),Heart Failure Patients,Dx5 – Circulatory: I50.22,0.0038502322950661,0.0492972046326513,-0.0454469723375852,0.0454469723375852
Lasso (L1 LogReg),Heart Failure Patients,REND,0.0687597678529886,0.0244812041181162,0.04427856373487239,0.04427856373487239
XGBoost Importance,Heart Failure Patients,CHF,0.0427942313253879,0.0865369290113449,-0.043742697685957,0.043742697685957
Lasso (L1 LogReg),Heart Failure Patients,Primary Dx – Circulatory: I50.22,-0.0048233848852028,-0.0485477102828762,0.0437243253976734,0.0437243253976734
Permutation Importance (RF),Heart Failure Patients,Days Cared For,0.0379646717637754,-0.0055,0.0434646717637754,0.0434646717637754
Permutation Importance (Ridge/LogReg),Heart Failure Patients,CHF,0.0661218033219087,0.023,0.0431218033219087,0.0431218033219087
Lasso (L1 LogReg),Heart Failure Patients,Acs % Hh Limit English,0.0,-0.0417900026440086,0.0417900026440086,0.0417900026440086
Lasso (L1 LogReg),Diabetic Patients,HIPPS: Other,0.086304764363821,0.0453563348640328,0.04094842949978819,0.04094842949978819
Lasso (L1 LogReg),Heart Failure Patients,Acs % Pov Hispanic,0.0408330241029177,0.0,0.0408330241029177,0.0408330241029177
Lasso (L1 LogReg),Heart Failure Patients,BMI: Obese Class3,0.0,-0.0405505550384718,0.0405505550384718,0.0405505550384718
Lasso (L1 LogReg),Diabetic Patients,CANC,0.0083970247562085,0.048675803218625,-0.040278778462416495,0.040278778462416495
Random Forest Importance,Heart Failure Patients,elix quan score,0.0214167575833423,0.0607895871681712,-0.0393728295848289,0.0393728295848289
Lasso (L1 LogReg),Diabetic Patients,Primary Diagnosis ICD 10 C M Code Cluster Other,0.0386955795302771,0.0,0.0386955795302771,0.0386955795302771
HIR-M3 Attention Importance,Complete Cohort,HIPPS: 2CGMS,0.04244240000844,0.003769275965169,0.038673124043270994,0.038673124043270994
Lasso (L1 LogReg),Diabetic Patients,HIPPS: 1CGPS,0.0,-0.0363558727578117,0.0363558727578117,0.0363558727578117
Lasso (L1 LogReg),Diabetic Patients,"Primary Dx – Factors Influencing Health Status: Z48.812, I21.4",0.0221273701862032,-0.0135482082221201,0.0356755784083233,0.0356755784083233
Random Forest Importance,Hypertensive Patients,HYPUNC,0.008108526974551,0.0431419775588738,-0.0350334505843228,0.0350334505843228
Lasso (L1 LogReg),Diabetic Patients,BMI: Overweight,0.0,-0.0349391545775897,0.0349391545775897,0.0349391545775897
Lasso (L1 LogReg),Heart Failure Patients,Primary Dx – Circulatory: I50.32,0.0,-0.0332650425104176,0.0332650425104176,0.0332650425104176
HIR-M3 Attention Importance,Complete Cohort,"Dx2 – Mental/Behavioral: F32.9, F41.9",0.0349131152033805,0.0017655963310971,0.0331475188722834,0.0331475188722834
HIR-M3 Attention Importance,Complete Cohort,"Dx2 – Mental/Behavioral: F32.9, F41.9",0.0349131152033805,0.0022201568353921,0.0326929583679884,0.0326929583679884
XGBoost Importance,Heart Failure Patients,Days Cared For,0.0169847216457128,0.0484546869993209,-0.031469965353608104,0.031469965353608104
Lasso (L1 LogReg),Heart Failure Patients,Primary Dx – Factors Influencing Health Status: Z79.82,0.0329029210683855,0.0020668711015248,0.0308360499668607,0.0308360499668607
Lasso (L1 LogReg),Heart Failure Patients,HIPPS: 1BGKS,0.0,-0.0301433692595226,0.0301433692595226,0.0301433692595226
HIR-M3 Attention Importance,Complete Cohort,"Dx5 – Circulatory: I10., M62.81",0.0353390611708164,0.0060228682123124,0.029316192958504,0.029316192958504
Lasso (L1 LogReg),Heart Failure Patients,HIPPS: 1CHKW,0.0,0.0290992353448097,-0.0290992353448097,0.0290992353448097
Random Forest Importance,Heart Failure Patients,elix swiss score,0.0265172894842714,0.0551786517466471,-0.0286613622623757,0.0286613622623757
HIR-M3 Attention Importance,Complete Cohort,Acs % Hh Other Comp Only,0.0295346155762672,0.0014089321484789,0.0281256834277883,0.0281256834277883
Lasso (L1 LogReg),Heart Failure Patients,Dx4 – Symptoms/Signs: R26.2,-0.0184245338811373,0.00925541560428,-0.0276799494854173,0.0276799494854173
Lasso (L1 LogReg),Heart Failure Patients,dementia,0.0,-0.0275940688848015,0.0275940688848015,0.0275940688848015
Lasso (L1 LogReg),Heart Failure Patients,HYPC,0.0432584497845864,0.0163380142163014,0.026920435568285002,0.026920435568285002
Random Forest Importance,Complete Cohort,HYPC,0.0052066858599071,0.0320739120562782,-0.0268672261963711,0.0268672261963711
Lasso (L1 LogReg),Heart Failure Patients,HIPPS: 1AGKS,-0.002874618295416,-0.0297290733799334,0.0268544550845174,0.0268544550845174
HIR-M3 Attention Importance,Complete Cohort,Dx1 – Symptoms/Signs: R26.2,0.0059922290965914,0.0326019115746021,-0.0266096824780107,0.0266096824780107
Random Forest Importance,Complete Cohort,CHF,0.0036465951362004,0.0298890033283734,-0.026242408192172998,0.026242408192172998
Lasso (L1 LogReg),Heart Failure Patients,Dx4 – Factors Influencing Health Status: Z79.82,0.0,0.0262418467135858,-0.0262418467135858,0.0262418467135858
Permutation Importance (Ridge/LogReg),Hypertensive Patients,Acs % Hh Tablet,0.024,-0.002,0.026000000000000002,0.026000000000000002
Permutation Importance (Ridge/LogReg),Diabetic Patients,Acs % Hh Pc,0.0275999999999999,0.003,0.0245999999999999,0.0245999999999999
Random Forest Importance,Hypertensive Patients,Primary Dx – Circulatory: I50.22,0.0001937052980791,0.0246261847253456,-0.0244324794272665,0.0244324794272665
Random Forest Importance,Complete Cohort,Age,0.0342143056236195,0.0100950293088433,0.024119276314776197,0.024119276314776197
Random Forest Importance,Diabetic Patients,HYPUNC,0.0070773179458748,0.0310270044834065,-0.023949686537531698,0.023949686537531698
Random Forest Importance,Hypertensive Patients,Age,0.035087196472128,0.01133087311649,0.023756323355637998,0.023756323355637998
Random Forest Importance,Complete Cohort,Facility Internal ID freq,0.0288213737632065,0.0054816986830451,0.0233396750801614,0.0233396750801614
Random Forest Importance,Diabetic Patients,Age,0.0338027452344774,0.0106008805701463,0.0232018646643311,0.0232018646643311
Random Forest Importance,Complete Cohort,Agency Medicare Number freq,0.0285217637742932,0.0056764241618186,0.0228453396124746,0.0228453396124746
Random Forest Importance,Hypertensive Patients,Agency Medicare Number freq,0.0307706998288658,0.0081616416325326,0.0226090581963332,0.0226090581963332
Random Forest Importance,Heart Failure Patients,Agency Medicare Number freq,0.030380383163095,0.0078348322111767,0.0225455509519183,0.0225455509519183
Random Forest Importance,Diabetic Patients,Agency Medicare Number freq,0.0304347457281885,0.0081848645925918,0.0222498811355967,0.0222498811355967
XGBoost Importance,Hypertensive Patients,Days Cared For,0.012829995714128,0.0350447297096252,-0.022214733995497202,0.022214733995497202
Random Forest Importance,Heart Failure Patients,Facility Internal ID freq,0.0296113766010055,0.0075683554422624,0.0220430211587431,0.0220430211587431
Random Forest Importance,Hypertensive Patients,Facility Internal ID freq,0.0302617811607943,0.0082368938392755,0.022024887321518798,0.022024887321518798
Random Forest Importance,Heart Failure Patients,Age,0.0332451910691529,0.0112288416818123,0.0220163493873406,0.0220163493873406
Random Forest Importance,Complete Cohort,elix quan ageadj,0.0203592859905714,0.0422903333398623,-0.021931047349290897,0.021931047349290897
Random Forest Importance,Complete Cohort,elix quan score,0.0133180976178172,0.0351996066116388,-0.021881508993821602,0.021881508993821602
Random Forest Importance,Diabetic Patients,Facility Internal ID freq,0.0300473439151637,0.0088001228038849,0.0212472211112788,0.0212472211112788
Random Forest Importance,Diabetic Patients,elix quan score,0.0150161240737957,0.0354448536898498,-0.020428729616054103,0.020428729616054103
Random Forest Importance,Complete Cohort,charlson score,0.0110055731029812,0.0313957111940211,-0.0203901380910399,0.0203901380910399
Permutation Importance (Ridge/LogReg),Heart Failure Patients,Acs % Graduate Dgr,0.0227260743474821,0.0025,0.020226074347482102,0.020226074347482102
Permutation Importance (Ridge/LogReg),Hypertensive Patients,Acs % Vet Hs,0.0202,0.0,0.0202,0.0202
Random Forest Importance,Complete Cohort,elix swiss ageadj,0.02170578019039,0.0416983387737304,-0.0199925585833404,0.0199925585833404
Permutation Importance (Ridge/LogReg),Heart Failure Patients,Acs % Hh Internet,-0.0008963880833114,0.018,-0.0188963880833114,0.0188963880833114
Permutation Importance (Ridge/LogReg),Heart Failure Patients,Acs % Hh No Comp Dev,0.0337991036119166,0.0155,0.018299103611916598,0.018299103611916598
XGBoost Importance,Diabetic Patients,Days Cared For,0.0127065181732177,0.0308220218867063,-0.0181155037134886,0.0181155037134886
Random Forest Importance,Diabetic Patients,HYPC,0.0060116962508561,0.0239590240608117,-0.017947327809955598,0.017947327809955598
Random Forest Importance,Hypertensive Patients,Dx5 – Circulatory: I50.22,0.0002444882773846,0.0181560528260094,-0.0179115645486248,0.0179115645486248
Random Forest Importance,Heart Failure Patients,elix quan ageadj,0.0269845276513865,0.0445214519359271,-0.017536924284540602,0.017536924284540602
Permutation Importance (Ridge/LogReg),Diabetic Patients,POP RUR,0.0162399999999999,-0.001,0.0172399999999999,0.0172399999999999
Permutation Importance (Ridge/LogReg),Heart Failure Patients,Acs % Hh 1Pers,0.0189823358818876,0.002,0.0169823358818876,0.0169823358818876
Random Forest Importance,Diabetic Patients,CHF,0.0047215593228891,0.0216308432297421,-0.016909283906853,0.016909283906853
Random Forest Importance,Complete Cohort,ByDiscipline RN,0.0015385332387059,0.0180290962154928,-0.016490562976786898,0.016490562976786898
Random Forest Importance,Heart Failure Patients,elix swiss ageadj,0.0321540802266493,0.0480996334420195,-0.015945553215370202,0.015945553215370202
Random Forest Importance,Complete Cohort,ByDiscipline PT,0.0015825200339153,0.0175242525649373,-0.015941732531021997,0.015941732531021997
Permutation Importance (Ridge/LogReg),Diabetic Patients,Acs % Vet Bachelor,0.0169199999999999,0.001,0.0159199999999999,0.0159199999999999
Permutation Importance (Ridge/LogReg),Diabetic Patients,Acs % Hh No Internet,-0.00112,0.0145,-0.01562,0.01562
Random Forest Importance,Heart Failure Patients,Primary Dx – Circulatory: I50.22,0.001300202001526,0.0162489869373176,-0.014948784935791598,0.014948784935791598
Random Forest Importance,Diabetic Patients,elix quan ageadj,0.0226836819030905,0.0373898545732027,-0.014706172670112202,0.014706172670112202
Random Forest Importance,Diabetic Patients,elix swiss score,0.0163188477338054,0.0305986649037989,-0.014279817169993502,0.014279817169993502
Permutation Importance (Ridge/LogReg),Heart Failure Patients,Acs % Hh No Internet,0.012654890587925,-0.0015,0.014154890587925,0.014154890587925
Random Forest Importance,Diabetic Patients,charlson score,0.0124473551732581,0.0259430080309776,-0.013495652857719498,0.013495652857719498
Permutation Importance (Ridge/LogReg),Hypertensive Patients,Acs % Hh Broadband,0.0014,0.0145,-0.0131,0.0131
XGBoost Importance,Complete Cohort,Days Cared For,0.0281952805817127,0.0412548892199993,-0.013059608638286601,0.013059608638286601
Permutation Importance (RF),Heart Failure Patients,CHF,0.0145531241761139,0.0014999999999999,0.013053124176114,0.013053124176114
Permutation Importance (Ridge/LogReg),Diabetic Patients,Acs % College Associate Dgr,0.0128399999999999,0.0,0.0128399999999999,0.0128399999999999
Random Forest Importance,Hypertensive Patients,Dx4 – Circulatory: I50.22,0.0003192983251802,0.0127364478671191,-0.0124171495419389,0.0124171495419389
Random Forest Importance,Diabetic Patients,Dx5 – Circulatory: I50.22,0.000176966563942,0.0122866851833062,-0.0121097186193642,0.0121097186193642
Permutation Importance (Ridge/LogReg),Diabetic Patients,Days Cared For,0.0331599999999999,0.045,-0.0118400000000001,0.0118400000000001
Permutation Importance (Ridge/LogReg),Heart Failure Patients,Acs % Bachelor Dgr,0.0198259952544159,0.008,0.0118259952544159,0.0118259952544159
Random Forest Importance,Diabetic Patients,Primary Dx – Genitourinary: N18.5,0.0005646946365237,0.0120550095692493,-0.011490314932725601,0.011490314932725601
Permutation Importance (Ridge/LogReg),Hypertensive Patients,Acs % Graduate Dgr,0.00588,-0.0055,0.01138,0.01138
Permutation Importance (Ridge/LogReg),Hypertensive Patients,Acs % Hh Internet,0.0113599999999999,0.0,0.0113599999999999,0.0113599999999999
Permutation Importance (Ridge/LogReg),Heart Failure Patients,Acs % Hh Smartphone Only,0.0038491958871605,0.015,-0.011150804112839498,0.011150804112839498
Random Forest Importance,Diabetic Patients,elix swiss ageadj,0.0242405914348954,0.0353297249054853,-0.011089133470589898,0.011089133470589898
Permutation Importance (Ridge/LogReg),Heart Failure Patients,Acs % Hh Smartphone,-0.0005800158186132,0.0105,-0.0110800158186132,0.0110800158186132
Random Forest Importance,Hypertensive Patients,charlson survival 10yr,0.0152396336233109,0.0044783080900718,0.0107613255332391,0.0107613255332391
Permutation Importance (Ridge/LogReg),Heart Failure Patients,Acs % Hh Cellular,0.01012391247034,-0.0005,0.01062391247034,0.01062391247034
Permutation Importance (Ridge/LogReg),Heart Failure Patients,ACS TOT GRANDCHILDREN GP,-0.0005800158186132,0.01,-0.0105800158186132,0.0105800158186132
Permutation Importance (RF),Diabetic Patients,Days Cared For,0.01048,0.0,0.01048,0.01048
XGBoost Importance,Hypertensive Patients,Primary Dx – Circulatory: I50.22,0.0,0.0103422841057181,-0.0103422841057181,0.0103422841057181
Permutation Importance (Ridge/LogReg),Diabetic Patients,Acs % Hh Above65,0.0102399999999999,0.0,0.0102399999999999,0.0102399999999999
Permutation Importance (Ridge/LogReg),Heart Failure Patients,Acs % Pov Other,0.0012654890587924,0.0115,-0.0102345109412076,0.0102345109412076
Permutation Importance (Ridge/LogReg),Heart Failure Patients,Acs % Inc50,-0.000105457421566,0.01,-0.010105457421566,0.010105457421566
Random Forest Importance,Complete Cohort,elix swiss score,0.014517509301997,0.0246027928803467,-0.0100852835783497,0.0100852835783497
Permutation Importance (Ridge/LogReg),Heart Failure Patients,Acs % Vet Hs,0.0130767202741892,0.003,0.0100767202741892,0.0100767202741892
Random Forest Importance,Hypertensive Patients,"Primary Dx – Circulatory: I10., M62.81",0.0099599259061969,3.641859779014852e-06,0.009956284046417886,0.009956284046417886
Permutation Importance (Ridge/LogReg),Hypertensive Patients,Acs % Hh Smartphone Only,0.00576,-0.004,0.009760000000000001,0.009760000000000001
Permutation Importance (Ridge/LogReg),Heart Failure Patients,County: Bexar,0.0096493540732928,0.0,0.0096493540732928,0.0096493540732928
Random Forest Importance,Heart Failure Patients,charlson score,0.0152034432817165,0.0246319441078162,-0.0094285008260997,0.0094285008260997
Permutation Importance (Ridge/LogReg),Diabetic Patients,Acs % Vet College,-0.00228,0.007,-0.00928,0.00928
XGBoost Importance,Hypertensive Patients,County: Montgomery,0.0092017091810703,0.0,0.0092017091810703,0.0092017091810703
Random Forest Importance,Diabetic Patients,charlson ageadj,0.0166355689884637,0.0074783934694009,0.0091571755190628,0.0091571755190628
Random Forest Importance,Hypertensive Patients,"Dx1 – Circulatory: I10., M62.81",0.0090081703901685,4.8771810684055264e-05,0.008959398579484443,0.008959398579484443
Permutation Importance (Ridge/LogReg),Heart Failure Patients,Acs % Person Inc Below99,0.0123912470340099,0.0035,0.0088912470340099,0.0088912470340099
XGBoost Importance,Diabetic Patients,County: Gregg,0.0088739525526762,0.0,0.0088739525526762,0.0088739525526762
XGBoost Importance,Hypertensive Patients,Dx1 – Digestive: K21.9,0.0088697308674454,0.0,0.0088697308674454,0.0088697308674454
Permutation Importance (Ridge/LogReg),Heart Failure Patients,Acs % Person Inc Above200,-0.0008436593725283,0.008,-0.0088436593725283,0.0088436593725283
Random Forest Importance,Heart Failure Patients,"Dx3 – Circulatory: I10., M62.81",0.0089620894869495,0.0001303352671382,0.0088317542198113,0.0088317542198113
XGBoost Importance,Diabetic Patients,County: Montgomery,0.0087869996204972,0.0,0.0087869996204972,0.0087869996204972
Permutation Importance (Ridge/LogReg),Diabetic Patients,Acs % Hh Cellular,0.0232799999999999,0.0145,0.0087799999999999,0.0087799999999999
Permutation Importance (RF),Hypertensive Patients,Days Cared For,0.0087599999999999,0.0,0.0087599999999999,0.0087599999999999
Random Forest Importance,Hypertensive Patients,charlson ageadj,0.0166677995190736,0.0079423208469404,0.0087254786721332,0.0087254786721332
Permutation Importance (Ridge/LogReg),Diabetic Patients,Hispanic or Latino,0.0071999999999999,-0.0015,0.0086999999999999,0.0086999999999999
XGBoost Importance,Hypertensive Patients,elix swiss score,0.0093648601323366,0.0180196911096572,-0.008654830977320602,0.008654830977320602
Random Forest Importance,Complete Cohort,"Dx2 – Circulatory: I10., M62.81",0.0085340168328549,3.765510778807127e-05,0.008496361725066829,0.008496361725066829
Random Forest Importance,Heart Failure Patients,"Dx4 – Circulatory: I10., M62.81",0.0086955149198567,0.0002000710515407,0.008495443868315999,0.008495443868315999
XGBoost Importance,Complete Cohort,elix quan score,0.0085848122835159,0.0170697104185819,-0.008484898135066,0.008484898135066
Random Forest Importance,Complete Cohort,Gender Male,0.0094720500838178,0.0009902551746549,0.008481794909162899,0.008481794909162899
Random Forest Importance,Heart Failure Patients,"Dx2 – Circulatory: I10., M62.81",0.0085185948666533,3.766504338120775e-05,0.008480929823272093,0.008480929823272093
Random Forest Importance,Heart Failure Patients,"Dx1 – Circulatory: I10., M62.81",0.0085105705102158,3.9658316839884806e-05,0.008470912193375915,0.008470912193375915
Random Forest Importance,Complete Cohort,"Dx3 – Circulatory: I10., M62.81",0.008509636602709,7.191191667432581e-05,0.008437724686034674,0.008437724686034674
Random Forest Importance,Hypertensive Patients,"Dx3 – Circulatory: I10., M62.81",0.0084178379530533,6.462469428677566e-05,0.008353213258766526,0.008353213258766526
Random Forest Importance,Hypertensive Patients,"Dx2 – Circulatory: I10., M62.81",0.0082932987499496,7.027991566180092e-05,0.008223018834287799,0.008223018834287799
Random Forest Importance,Hypertensive Patients,CHF,0.0042666913029997,0.0124787206156419,-0.0082120293126422,0.0082120293126422
Permutation Importance (Ridge/LogReg),Hypertensive Patients,Acs % Hh Kid 1Prnt,0.0062,-0.002,0.008199999999999999,0.008199999999999999
Random Forest Importance,Hypertensive Patients,Gender Male,0.0092048223642031,0.0010131120192445,0.0081917103449586,0.0081917103449586
Permutation Importance (Ridge/LogReg),Heart Failure Patients,County: Harris,0.0081729501713682,0.0,0.0081729501713682,0.0081729501713682
Random Forest Importance,Heart Failure Patients,"Primary Dx – Circulatory: I10., M62.81",0.0081417358451,2.836746618556857e-06,0.008138899098481443,0.008138899098481443
Random Forest Importance,Complete Cohort,BMI: Overweight,0.0085682792072301,0.0004518816224669,0.008116397584763199,0.008116397584763199
Random Forest Importance,Diabetic Patients,Dx4 – Circulatory: I50.22,0.0003701787656878,0.0084115399422268,-0.008041361176538999,0.008041361176538999
Permutation Importance (Ridge/LogReg),Heart Failure Patients,Agency Medicare Number freq,-0.0005272871078302,0.0075,-0.0080272871078302,0.0080272871078302
Permutation Importance (Ridge/LogReg),Heart Failure Patients,Dx4 – Circulatory: I50.22,0.0004745583970471,0.0085,-0.0080254416029529,0.0080254416029529
Random Forest Importance,Diabetic Patients,"Dx3 – Circulatory: I10., M62.81",0.0081419391560501,0.000117140775936,0.008024798380114101,0.008024798380114101
Random Forest Importance,Diabetic Patients,"Dx1 – Circulatory: I10., M62.81",0.0080591875375572,4.680749985782377e-05,0.008012380037699378,0.008012380037699378
Random Forest Importance,Complete Cohort,"Dx1 – Circulatory: I10., M62.81",0.0080539582081437,4.668996564608099e-05,0.008007268242497619,0.008007268242497619
XGBoost Importance,Complete Cohort,"Dx3 – Factors Influencing Health Status: Z96.651, M17.11",0.0,0.0080001382157206,-0.0080001382157206,0.0080001382157206
Random Forest Importance,Heart Failure Patients,Gender Male,0.008778911784733,0.0008565606867426,0.0079223510979904,0.0079223510979904
Random Forest Importance,Hypertensive Patients,BMI: Overweight,0.0086787291696274,0.0007647865651584,0.007913942604469,0.007913942604469
XGBoost Importance,Hypertensive Patients,"Primary Dx – Circulatory: I10., M62.81",0.0078902281820774,0.0,0.0078902281820774,0.0078902281820774
Random Forest Importance,Diabetic Patients,"Dx2 – Circulatory: I10., M62.81",0.008014978480215,0.0001312335373748,0.0078837449428402,0.0078837449428402
Permutation Importance (Ridge/LogReg),Hypertensive Patients,Acs % Hh Pub Assist,0.00536,-0.0025,0.00786,0.00786
Random Forest Importance,Hypertensive Patients,"Dx4 – Circulatory: I10., M62.81",0.0080242371953859,0.0001789360630413,0.0078453011323446,0.0078453011323446
Random Forest Importance,Diabetic Patients,Gender Male,0.0092313917815155,0.0014010520919721,0.0078303396895434,0.0078303396895434
Random Forest Importance,Complete Cohort,Dx4 – Circulatory: I50.22,0.0002956455632155,0.0080592714983824,-0.007763625935166899,0.007763625935166899
XGBoost Importance,Complete Cohort,Dx1 – Endocrine/Metabolic: E11.65,0.0077435439452528,0.0,0.0077435439452528,0.0077435439452528
Random Forest Importance,Complete Cohort,Dx5 – Circulatory: I50.22,0.000221993259343,0.0079249061538701,-0.007702912894527099,0.007702912894527099
Permutation Importance (Ridge/LogReg),Hypertensive Patients,HYPC,0.00532,0.013,-0.007679999999999999,0.007679999999999999
Random Forest Importance,Heart Failure Patients,"Dx5 – Circulatory: I10., M62.81",0.007931974455472,0.0002823243546761,0.0076496501007959,0.0076496501007959
XGBoost Importance,Heart Failure Patients,Primary Dx – Endocrine/Metabolic: E11.65,0.0075922450050711,0.0,0.0075922450050711,0.0075922450050711
Permutation Importance (Ridge/LogReg),Hypertensive Patients,Acs % Posths Ed,0.00208,-0.0055,0.00758,0.00758
XGBoost Importance,Heart Failure Patients,hypothy,0.0075308820232748,0.0,0.0075308820232748,0.0075308820232748
Permutation Importance (Ridge/LogReg),Hypertensive Patients,Acs % Hh Alone Above65,0.00796,0.0005,0.00746,0.00746
Permutation Importance (Ridge/LogReg),Hypertensive Patients,Dx5 – Circulatory: I50.22,-0.0001599999999999,-0.0075,0.0073400000000001,0.0073400000000001
Random Forest Importance,Heart Failure Patients,BMI: Overweight,0.0080982522718679,0.0008053422644849,0.007292910007383,0.007292910007383
Permutation Importance (Ridge/LogReg),Diabetic Patients,Acs % Person Inc Below99,-0.00072,0.0065,-0.00722,0.00722
Permutation Importance (Ridge/LogReg),Hypertensive Patients,Acs % Hh Cellular Only,0.00616,-0.001,0.00716,0.00716
XGBoost Importance,Heart Failure Patients,HIPPS: 1CGKS,0.0079199159517884,0.0008439968223683,0.0070759191294201,0.0070759191294201
Random Forest Importance,Hypertensive Patients,"Dx5 – Circulatory: I10., M62.81",0.0073040634202768,0.0002346485263959,0.0070694148938809,0.0070694148938809
Random Forest Importance,Hypertensive Patients,COPD,0.0057099167716192,0.0127432825875827,-0.0070333658159635,0.0070333658159635
XGBoost Importance,Heart Failure Patients,Primary Dx – Endocrine/Metabolic: E11.65,0.0075922450050711,0.0006009816424921,0.006991263362579,0.006991263362579
XGBoost Importance,Complete Cohort,Primary Dx – Endocrine/Metabolic: E11.65,0.0,0.0069657647982239,-0.0069657647982239,0.0069657647982239
XGBoost Importance,Diabetic Patients,Dx5 – Circulatory: I50.22,0.0,0.0069256257265806,-0.0069256257265806,0.0069256257265806
XGBoost Importance,Heart Failure Patients,"Primary Dx – Factors Influencing Health Status: Z48.812, I21.4",0.00691196648404,0.0,0.00691196648404,0.00691196648404
XGBoost Importance,Heart Failure Patients,"Primary Dx – Factors Influencing Health Status: Z48.812, I21.4",0.00691196648404,0.0,0.00691196648404,0.00691196648404
XGBoost Importance,Diabetic Patients,Primary Dx – Genitourinary: N18.5,0.0047156885266304,0.0115849860012531,-0.0068692974746227,0.0068692974746227
XGBoost Importance,Complete Cohort,Primary Dx – Cluster 35,0.0067822295241057,0.0,0.0067822295241057,0.0067822295241057
XGBoost Importance,Diabetic Patients,Dx1 – Digestive: K21.9,0.0083413682878017,0.0016076584579423,0.006733709829859399,0.006733709829859399
XGBoost Importance,Diabetic Patients,Dx1 – Factors Influencing Health Status: Z79.82,0.0066890660673379,0.0,0.0066890660673379,0.0066890660673379
XGBoost Importance,Hypertensive Patients,Dx3 – Cluster 31,0.0,0.0066202273592352,-0.0066202273592352,0.0066202273592352
XGBoost Importance,Diabetic Patients,Primary Dx – Endocrine/Metabolic: E11.65,0.0063278614543378,0.0,0.0063278614543378,0.0063278614543378
XGBoost Importance,Hypertensive Patients,Dx5 – Symptoms/Signs: R26.9,0.0062386286444962,0.0,0.0062386286444962,0.0062386286444962
XGBoost Importance,Hypertensive Patients,Dx5 – Symptoms/Signs: R26.9,0.0062386286444962,0.0,0.0062386286444962,0.0062386286444962
XGBoost Importance,Heart Failure Patients,Dx5 – Factors Influencing Health Status: Z79.84,0.0062074288725852,0.0,0.0062074288725852,0.0062074288725852
Permutation Importance (Ridge/LogReg),Hypertensive Patients,Acs % Vet Bachelor,0.0072,0.001,0.0062,0.0062
XGBoost Importance,Heart Failure Patients,HIPPS: 5BHKS,0.0061524682678282,0.0,0.0061524682678282,0.0061524682678282
Permutation Importance (Ridge/LogReg),Hypertensive Patients,Acs % Hh Smartphone,0.0036399999999999,-0.0025,0.0061399999999999,0.0061399999999999
XGBoost Importance,Hypertensive Patients,County: Martin,0.0,0.0061068907380104,-0.0061068907380104,0.0061068907380104
Permutation Importance (RF),Heart Failure Patients,Acs % Posths Ed,-0.0040601107302925,0.002,-0.0060601107302925,0.0060601107302925
Permutation Importance (Ridge/LogReg),Hypertensive Patients,Acs % Hh 1Fam Food Stmp,0.00492,-0.001,0.00592,0.00592
XGBoost Importance,Hypertensive Patients,Dx5 – Circulatory: I50.22,0.001262417063117,0.0071548335254192,-0.005892416462302199,0.005892416462302199
Permutation Importance (Ridge/LogReg),Hypertensive Patients,HYPUNC,0.01028,0.0045,0.0057799999999999995,0.0057799999999999995
XGBoost Importance,Diabetic Patients,"Primary Dx – Respiratory: J18.9, J44.0",0.0057664811611175,0.0,0.0057664811611175,0.0057664811611175
XGBoost Importance,Heart Failure Patients,Primary Dx – Digestive: K21.9,0.0057358192279934,0.0,0.0057358192279934,0.0057358192279934
XGBoost Importance,Heart Failure Patients,Primary Dx – Factors Influencing Health Status: Z79.82,0.0057036420330405,0.0,0.0057036420330405,0.0057036420330405
XGBoost Importance,Complete Cohort,"Dx3 – Factors Influencing Health Status: Z79.01, Z51.81",0.0,0.0056961649097502,-0.0056961649097502,0.0056961649097502
Permutation Importance (RF),Heart Failure Patients,Acs % Hh Alone Above65,-0.0046928552596888,0.001,-0.0056928552596888,0.0056928552596888
Random Forest Importance,Heart Failure Patients,BMI: Obese Class1,0.0063769724681471,0.0007163444892212,0.0056606279789259,0.0056606279789259
Permutation Importance (Ridge/LogReg),Diabetic Patients,elix quan score,-0.00216,0.0035,-0.00566,0.00566
Permutation Importance (Ridge/LogReg),Diabetic Patients,BMI: Overweight,0.0006399999999999,-0.005,0.0056399999999999,0.0056399999999999
XGBoost Importance,Diabetic Patients,Primary Diagnosis ICD 10 C M Code Cluster Other,0.0068043656647205,0.0011898479424417,0.0056145177222787996,0.0056145177222787996
Permutation Importance (Ridge/LogReg),Diabetic Patients,Acs % Vet Hs,0.0100399999999999,0.0045,0.0055399999999999,0.0055399999999999
Permutation Importance (RF),Heart Failure Patients,Acs % Hh No Internet,-0.0045346691273397,0.001,-0.0055346691273397,0.0055346691273397
XGBoost Importance,Hypertensive Patients,Acs % Hh Limit English,0.0016379129374399,0.0071402816101908,-0.0055023686727509,0.0055023686727509
Permutation Importance (Ridge/LogReg),Hypertensive Patients,Acs % Hh No Comp Dev,-0.0005199999999999,-0.006,0.0054800000000001,0.0054800000000001
Permutation Importance (RF),Heart Failure Patients,Acs % Hh Cellular,0.0009491167940944,-0.0045,0.0054491167940944,0.0054491167940944
Permutation Importance (RF),Heart Failure Patients,Acs % Grandp Resps No P,-0.0054310572106511,0.0,-0.0054310572106511,0.0054310572106511
XGBoost Importance,Heart Failure Patients,Dx2 – Factors Influencing Health Status: Z79.82,0.0053668809123337,0.0,0.0053668809123337,0.0053668809123337
XGBoost Importance,Complete Cohort,"Dx1 – Respiratory: J18.9, J44.0",0.0053345328196883,0.0,0.0053345328196883,0.0053345328196883
Permutation Importance (Ridge/LogReg),Diabetic Patients,POPPCT RUR,-0.00132,0.004,-0.00532,0.00532
Permutation Importance (Ridge/LogReg),Diabetic Patients,POPPCT URB,-0.00132,0.004,-0.00532,0.00532
XGBoost Importance,Complete Cohort,County: Leon,0.0,0.0052816402167081,-0.0052816402167081,0.0052816402167081
XGBoost Importance,Hypertensive Patients,Dx1 – Cluster 72,0.0052786422893404,0.0,0.0052786422893404,0.0052786422893404
XGBoost Importance,Diabetic Patients,American Indian or Alaska Native,0.0052690259180963,0.0,0.0052690259180963,0.0052690259180963
Permutation Importance (RF),Heart Failure Patients,POPPCT RUR,-0.0022673345636698,0.0029999999999999,-0.0052673345636697,0.0052673345636697
Permutation Importance (Ridge/LogReg),Diabetic Patients,charlson score,-0.00176,0.0035,-0.00526,0.00526
XGBoost Importance,Heart Failure Patients,Primary Dx – Circulatory: I50.32,0.0,0.0052514499984681,-0.0052514499984681,0.0052514499984681
XGBoost Importance,Diabetic Patients,Dx1 – Factors Influencing Health Status: Z91.81,0.0052457898855209,0.0,0.0052457898855209,0.0052457898855209
Permutation Importance (Ridge/LogReg),Complete Cohort,Acs % Hh Internet,0.0002799999999999,0.0055,-0.0052200000000000996,0.0052200000000000996
Permutation Importance (RF),Heart Failure Patients,charlson ageadj,0.0026891642499341,-0.0025,0.0051891642499341,0.0051891642499341
Permutation Importance (Ridge/LogReg),Complete Cohort,Days Cared For,0.0186799999999999,0.0135,0.005179999999999902,0.005179999999999902
XGBoost Importance,Hypertensive Patients,Dx1 – Factors Influencing Health Status: Z79.82,0.005159439984709,0.0,0.005159439984709,0.005159439984709
XGBoost Importance,Complete Cohort,Primary Dx – Factors Influencing Health Status: Z79.82,0.005127481650561,0.0,0.005127481650561,0.005127481650561
XGBoost Importance,Hypertensive Patients,HIPPS: 1CHKT,0.0024683012161403,0.0075378264300525,-0.0050695252139122,0.0050695252139122
XGBoost Importance,Diabetic Patients,AMI,0.0012046860065311,0.0062729157507419,-0.005068229744210799,0.005068229744210799
XGBoost Importance,Hypertensive Patients,Primary Dx – Factors Influencing Health Status: Z79.82,0.0050486698746681,0.0,0.0050486698746681,0.0050486698746681
Permutation Importance (Ridge/LogReg),Hypertensive Patients,Acs % Hh Cellular,-0.0009999999999999,0.004,-0.0049999999999999,0.0049999999999999
XGBoost Importance,Complete Cohort,ByDiscipline RN,0.0052442625164985,0.0102252168580889,-0.004980954341590401,0.004980954341590401
XGBoost Importance,Hypertensive Patients,Dx4 – Circulatory: I50.22,0.0,0.0049553457647562,-0.0049553457647562,0.0049553457647562
XGBoost Importance,Diabetic Patients,elix swiss score,0.0130270663648843,0.0179791692644357,-0.0049521028995513985,0.0049521028995513985
XGBoost Importance,Diabetic Patients,County: Van Zandt,0.00494952686131,0.0,0.00494952686131,0.00494952686131
XGBoost Importance,Hypertensive Patients,County: Leon,0.0,0.0049425433389842,-0.0049425433389842,0.0049425433389842
Permutation Importance (Ridge/LogReg),Diabetic Patients,Acs % Health Inc Below137,-0.00044,0.0045,-0.00494,0.00494
Permutation Importance (Ridge/LogReg),Diabetic Patients,Acs % Hh Other Comp Only,0.0044399999999999,-0.0005,0.004939999999999899,0.004939999999999899
XGBoost Importance,Complete Cohort,Primary Dx – Cluster 188,0.0049379216507077,0.0,0.0049379216507077,0.0049379216507077
XGBoost Importance,Heart Failure Patients,Dx3 – Circulatory: I50.32,0.006988086272031,0.0020515713840723,0.004936514887958701,0.004936514887958701
XGBoost Importance,Diabetic Patients,"Primary Dx – Factors Influencing Health Status: Z96.652, M17.12",0.0,0.0049107815138995,-0.0049107815138995,0.0049107815138995
XGBoost Importance,Diabetic Patients,Acs % Hh Tablet,0.0064789112657308,0.0015702417585998,0.004908669507131,0.004908669507131
XGBoost Importance,Diabetic Patients,Agency Medicare Number freq,0.007046022452414,0.0021576951257884,0.0048883273266256,0.0048883273266256
XGBoost Importance,Complete Cohort,"Dx3 – Factors Influencing Health Status: Z45.2, Z79.2",0.0048858891241252,0.0,0.0048858891241252,0.0048858891241252
Permutation Importance (Ridge/LogReg),Diabetic Patients,CHF,0.0011199999999999,0.006,-0.0048800000000001,0.0048800000000001
XGBoost Importance,Complete Cohort,Primary Dx – Mental/Behavioral: F03.90,0.0048779584467411,0.0,0.0048779584467411,0.0048779584467411
XGBoost Importance,Complete Cohort,Primary Dx – Mental/Behavioral: F03.90,0.0048779584467411,0.0,0.0048779584467411,0.0048779584467411
XGBoost Importance,Hypertensive Patients,Dx4 – Digestive: K21.9,0.0048707677051424,0.0,0.0048707677051424,0.0048707677051424
XGBoost Importance,Diabetic Patients,Dx4 – Musculoskeletal: M15.0,0.0048620868474245,0.0,0.0048620868474245,0.0048620868474245
XGBoost Importance,Hypertensive Patients,"Dx5 – Factors Influencing Health Status: Z96.651, M17.11",0.0,0.0048454408533871,-0.0048454408533871,0.0048454408533871
XGBoost Importance,Complete Cohort,Primary Dx – Endocrine/Metabolic: E11.65,0.0048173293471336,0.0,0.0048173293471336,0.0048173293471336
XGBoost Importance,Diabetic Patients,"Dx4 – Factors Influencing Health Status: Z48.812, I21.4",0.004797188565135,0.0,0.004797188565135,0.004797188565135
Permutation Importance (Ridge/LogReg),Hypertensive Patients,Acs % Hh Pc,-0.0017599999999999,0.003,-0.0047599999999999,0.0047599999999999
XGBoost Importance,Complete Cohort,Dx2 – Factors Influencing Health Status: Z79.82,0.0046568582765758,0.0,0.0046568582765758,0.0046568582765758
Permutation Importance (RF),Heart Failure Patients,Acs % Person Inc 100 124,-0.0036382810440283,0.001,-0.004638281044028299,0.004638281044028299
Permutation Importance (RF),Heart Failure Patients,HYPC,0.0010545742156604,-0.0035,0.0045545742156604,0.0045545742156604
Permutation Importance (RF),Heart Failure Patients,Acs % Graduate Dgr,-0.0030055365146321,0.0015,-0.0045055365146321,0.0045055365146321
XGBoost Importance,Heart Failure Patients,ByDiscipline RN,0.0,0.0044919792562723,-0.0044919792562723,0.0044919792562723
XGBoost Importance,Heart Failure Patients,HIPPS: 3BHPS,0.0044892071746289,0.0,0.0044892071746289,0.0044892071746289
Permutation Importance (Ridge/LogReg),Complete Cohort,Acs % Vet Hs,0.0044799999999999,0.0,0.0044799999999999,0.0044799999999999
Permutation Importance (Ridge/LogReg),Complete Cohort,Acs % Hh Cellular,3.999999999995119e-05,0.0045,-0.004460000000000048,0.004460000000000048
XGBoost Importance,Heart Failure Patients,Primary Dx – Factors Influencing Health Status: Z79.891,0.0044528520666062,0.0,0.0044528520666062,0.0044528520666062
XGBoost Importance,Complete Cohort,HIPPS: 1BGKS,0.0057238270528614,0.0013009487884119,0.0044228782644495,0.0044228782644495
Permutation Importance (RF),Heart Failure Patients,Acs % Hh Sat Internet,-0.0039019245979435,0.0005,-0.0044019245979435,0.0044019245979435
XGBoost Importance,Complete Cohort,Dx5 – Circulatory: I50.22,0.0016260091215372,0.005961671937257,-0.0043356628157198,0.0043356628157198
Permutation Importance (RF),Heart Failure Patients,charlson score,-0.0012654890587924,-0.0055,0.0042345109412076,0.0042345109412076
XGBoost Importance,Heart Failure Patients,County: Leon,0.0,0.0042077130638062,-0.0042077130638062,0.0042077130638062
XGBoost Importance,Heart Failure Patients,Dx4 – Digestive: K21.9,0.0041973469778895,0.0,0.0041973469778895,0.0041973469778895
XGBoost Importance,Complete Cohort,County: Wise,0.0041282908059656,0.0,0.0041282908059656,0.0041282908059656
Permutation Importance (RF),Heart Failure Patients,Facility Internal ID freq,-0.0004218296862641,-0.0045,0.0040781703137359,0.0040781703137359
Permutation Importance (RF),Heart Failure Patients,Acs % Pov Aian,-0.0039546533087265,0.0,-0.0039546533087265,0.0039546533087265
Permutation Importance (Ridge/LogReg),Complete Cohort,Acs % Hh Smartphone,0.0006399999999999,0.0045,-0.0038600000000000995,0.0038600000000000995
Permutation Importance (RF),Heart Failure Patients,HIPPS: Other,0.0026364355391511,-0.001,0.0036364355391511,0.0036364355391511
Permutation Importance (RF),Heart Failure Patients,charlson survival 10yr,0.0004218296862642,-0.003,0.0034218296862642,0.0034218296862642
Permutation Importance (RF),Heart Failure Patients,Acs % Hh Internet No Subs,-0.0049037701028209,-0.0015,-0.0034037701028209,0.0034037701028209
Permutation Importance (RF),Diabetic Patients,elix quan score,0.0033999999999999,0.0,0.0033999999999999,0.0033999999999999
Permutation Importance (RF),Heart Failure Patients,Acs % Hh Tablet,-0.0038491958871605,-0.0005,-0.0033491958871605,0.0033491958871605
Permutation Importance (Ridge/LogReg),Complete Cohort,ByDiscipline PT,-0.00028,0.003,-0.00328,0.00328
Permutation Importance (RF),Diabetic Patients,Age,0.0032399999999999,0.0,0.0032399999999999,0.0032399999999999
Permutation Importance (Ridge/LogReg),Complete Cohort,Acs % Hh Kid 1Prnt,0.0026799999999999,-0.0005,0.0031799999999999,0.0031799999999999
Permutation Importance (Ridge/LogReg),Complete Cohort,Acs % Hh Sat Internet,0.0011199999999999,-0.002,0.0031199999999998998,0.0031199999999998998
Permutation Importance (Ridge/LogReg),Complete Cohort,Acs % Hh 1Pers,0.0017599999999999,-0.001,0.0027599999999999,0.0027599999999999
Permutation Importance (Ridge/LogReg),Complete Cohort,County: Harris,0.0026799999999999,0.0,0.0026799999999999,0.0026799999999999
Permutation Importance (RF),Diabetic Patients,HYPUNC,0.0026399999999999,0.0,0.0026399999999999,0.0026399999999999
Permutation Importance (Ridge/LogReg),Complete Cohort,Acs % Nonvet Pov 18 64,0.0025999999999999,0.0,0.0025999999999999,0.0025999999999999
Permutation Importance (RF),Complete Cohort,Days Cared For,0.00256,0.0,0.00256,0.00256
Permutation Importance (Ridge/LogReg),Complete Cohort,HIPPS: 1CHPT,0.0,-0.0025,0.0025,0.0025
Permutation Importance (Ridge/LogReg),Complete Cohort,Dx5 – Circulatory: I50.22,0.0,0.0025,-0.0025,0.0025
Permutation Importance (Ridge/LogReg),Complete Cohort,Acs % Hh Broadband Only,0.0009199999999999,-0.0015,0.0024199999999999,0.0024199999999999
Permutation Importance (Ridge/LogReg),Complete Cohort,Acs % Hh Tablet,0.0018399999999999,-0.0005,0.0023399999999999003,0.0023399999999999003
Permutation Importance (Ridge/LogReg),Complete Cohort,Acs % College Associate Dgr,0.0023199999999999,0.0,0.0023199999999999,0.0023199999999999
Permutation Importance (Ridge/LogReg),Complete Cohort,Acs % Hh Pc,0.0007999999999999,-0.0015,0.0022999999999999,0.0022999999999999
Permutation Importance (Ridge/LogReg),Complete Cohort,ByDiscipline RN,-0.00028,0.002,-0.00228,0.00228
Permutation Importance (Ridge/LogReg),Complete Cohort,Acs % Inc50 Above65,0.0007599999999999,-0.0015,0.0022599999999999,0.0022599999999999
Permutation Importance (Ridge/LogReg),Complete Cohort,OND,0.0002399999999999,-0.002,0.0022399999999999,0.0022399999999999
Permutation Importance (RF),Hypertensive Patients,HYPUNC,0.0021199999999999,0.0,0.0021199999999999,0.0021199999999999
Permutation Importance (RF),Diabetic Patients,Acs % Hh Pc,0.0020399999999999,0.0,0.0020399999999999,0.0020399999999999
Permutation Importance (RF),Hypertensive Patients,Acs % Pov Multi,-0.00184,0.0,-0.00184,0.00184
Permutation Importance (RF),Diabetic Patients,Acs % Hh Pub Assist,0.0017199999999999,0.0,0.0017199999999999,0.0017199999999999
Permutation Importance (RF),Diabetic Patients,HYPC,0.0017199999999999,0.0,0.0017199999999999,0.0017199999999999
Permutation Importance (RF),Diabetic Patients,"Dx3 – Circulatory: I10., M62.81",0.0017199999999999,0.0,0.0017199999999999,0.0017199999999999
Permutation Importance (RF),Diabetic Patients,Acs % Vet Hs,0.0017199999999999,0.0,0.0017199999999999,0.0017199999999999
Permutation Importance (RF),Hypertensive Patients,elix swiss score,0.0017199999999999,0.0,0.0017199999999999,0.0017199999999999
Permutation Importance (RF),Hypertensive Patients,Acs % Pov Black,-0.00164,0.0,-0.00164,0.00164
Permutation Importance (RF),Diabetic Patients,Acs % Pov Hispanic,0.0016399999999999,0.0,0.0016399999999999,0.0016399999999999
Permutation Importance (RF),Diabetic Patients,Acs % Pov Asian,0.0015199999999999,0.0,0.0015199999999999,0.0015199999999999
Permutation Importance (RF),Diabetic Patients,Acs % Hh 1Fam Food Stmp,-0.00148,0.0,-0.00148,0.00148
Permutation Importance (RF),Diabetic Patients,BMI: Obese Class3,0.0014399999999999,0.0,0.0014399999999999,0.0014399999999999
Permutation Importance (RF),Diabetic Patients,CHF,0.0014399999999999,0.0,0.0014399999999999,0.0014399999999999
Permutation Importance (RF),Diabetic Patients,"Primary Dx – Circulatory: I10., M62.81",0.0014399999999999,0.0,0.0014399999999999,0.0014399999999999
Permutation Importance (RF),Diabetic Patients,Gender Male,0.0014399999999999,0.0,0.0014399999999999,0.0014399999999999
Permutation Importance (RF),Diabetic Patients,Acs % Hh Sat Internet,0.0014,0.0,0.0014,0.0014
Permutation Importance (RF),Hypertensive Patients,Acs % Vet Bachelor,-0.0014,0.0,-0.0014,0.0014
Permutation Importance (RF),Hypertensive Patients,Acs % Graduate Dgr,0.0013999999999999,0.0,0.0013999999999999,0.0013999999999999
Permutation Importance (RF),Diabetic Patients,elix swiss score,0.0013999999999999,0.0,0.0013999999999999,0.0013999999999999
Permutation Importance (RF),Hypertensive Patients,Acs % Pov Asian,-0.00136,0.0,-0.00136,0.00136
Permutation Importance (RF),Diabetic Patients,Agency Medicare Number freq,0.0013199999999999,0.0,0.0013199999999999,0.0013199999999999
Permutation Importance (RF),Diabetic Patients,Acs % Hh Pc Only,0.0013199999999999,0.0,0.0013199999999999,0.0013199999999999
Permutation Importance (RF),Hypertensive Patients,charlson score,0.0013199999999999,0.0,0.0013199999999999,0.0013199999999999
Permutation Importance (RF),Complete Cohort,Age,0.0012799999999999,0.0,0.0012799999999999,0.0012799999999999
Permutation Importance (RF),Hypertensive Patients,Acs % Hh Food Stmp Blw Pov,-0.00124,0.0,-0.00124,0.00124
Permutation Importance (RF),Complete Cohort,elix swiss score,0.0012,0.0,0.0012,0.0012
Permutation Importance (RF),Hypertensive Patients,"Dx3 – Circulatory: I10., M62.81",-0.00108,0.0,-0.00108,0.00108
Permutation Importance (RF),Hypertensive Patients,Acs % Inc50 Above65,-0.00108,0.0,-0.00108,0.00108
Permutation Importance (RF),Hypertensive Patients,elix swiss ageadj,-0.00108,0.0,-0.00108,0.00108
Permutation Importance (RF),Hypertensive Patients,Acs % Vet Hs,-0.00104,0.0,-0.00104,0.00104
Permutation Importance (RF),Complete Cohort,elix swiss ageadj,0.001,0.0,0.001,0.001
Permutation Importance (RF),Hypertensive Patients,Agency Medicare Number freq,-0.00096,0.0,-0.00096,0.00096
Permutation Importance (RF),Hypertensive Patients,CHF,-0.00088,0.0,-0.00088,0.00088
Permutation Importance (RF),Hypertensive Patients,Acs % Person Inc 100 124,-0.00088,0.0,-0.00088,0.00088
Permutation Importance (RF),Hypertensive Patients,Acs % Hh No Internet,-0.00088,0.0,-0.00088,0.00088
Permutation Importance (RF),Hypertensive Patients,Acs % Pov Hispanic,-0.00084,0.0,-0.00084,0.00084
Permutation Importance (RF),Hypertensive Patients,Acs % Health Inc 200 399,-0.00084,0.0,-0.00084,0.00084
Permutation Importance (RF),Complete Cohort,CHF,0.0008,0.0,0.0008,0.0008
Permutation Importance (RF),Complete Cohort,HIPPS: Other,0.0008,0.0,0.0008,0.0008
Permutation Importance (RF),Complete Cohort,Acs % Vet Bachelor,0.0008,0.0,0.0008,0.0008
Permutation Importance (RF),Complete Cohort,charlson score,0.0007999999999999,0.0,0.0007999999999999,0.0007999999999999
Permutation Importance (RF),Complete Cohort,"Dx5 – Circulatory: I10., M62.81",0.00076,0.0,0.00076,0.00076
Permutation Importance (RF),Complete Cohort,Acs % Hh Alone Above65,0.00076,0.0,0.00076,0.00076
Permutation Importance (RF),Complete Cohort,Agency Medicare Number freq,0.00076,0.0,0.00076,0.00076
Permutation Importance (RF),Complete Cohort,Acs % Hh Smartphone,0.00072,0.0,0.00072,0.00072
Permutation Importance (RF),Complete Cohort,HYPUNC,0.00072,0.0,0.00072,0.00072
Permutation Importance (RF),Complete Cohort,Acs % Person Inc 100 124,0.00072,0.0,0.00072,0.00072
Permutation Importance (RF),Complete Cohort,elix quan score,0.00068,0.0,0.00068,0.00068
Permutation Importance (RF),Complete Cohort,Acs % College Associate Dgr,0.00064,0.0,0.00064,0.00064
Permutation Importance (RF),Complete Cohort,Acs % Hh Internet,0.00064,0.0,0.00064,0.00064
Permutation Importance (RF),Complete Cohort,Acs % Hh Smartphone Only,0.0006399999999999,0.0,0.0006399999999999,0.0006399999999999
Permutation Importance (RF),Complete Cohort,charlson ageadj,0.0006,0.0,0.0006,0.0006
Permutation Importance (RF),Complete Cohort,POPPCT URB,0.0006,0.0,0.0006,0.0006
Variance Threshold,Heart Failure Patients,County: McLennan,1.000000145667171,0.9999998653901296,2.8027704135347165e-07,2.8027704135347165e-07
Variance Threshold,Complete Cohort,County: Galveston,0.9999998908621004,1.0000001638807643,-2.7301866389883855e-07,2.7301866389883855e-07
Variance Threshold,Complete Cohort,Dx4 – Endocrine/Metabolic: E11.65,1.0000000968176876,0.9999998297372168,2.6708047085044484e-07,2.6708047085044484e-07
Variance Threshold,Hypertensive Patients,County: Bowie,1.0000001207760985,0.9999998573755956,2.634005028534503e-07,2.634005028534503e-07
Variance Threshold,Heart Failure Patients,Primary Diagnosis ICD 10 C M Code Cluster Other,0.9999998940727428,1.0000001501669709,-2.560942280460665e-07,2.560942280460665e-07
Variance Threshold,Complete Cohort,HIPPS: 2BFKS,0.9999998901158444,1.000000139865124,-2.497492794795164e-07,2.497492794795164e-07
Variance Threshold,Complete Cohort,"Dx4 – Mental/Behavioral: F32.9, F41.9",1.0000001121987656,0.999999862710911,2.494878545977741e-07,2.494878545977741e-07
Variance Threshold,Complete Cohort,Dx3 – Digestive: K21.9,0.9999998869771504,1.0000001352525658,-2.4827541544869547e-07,2.4827541544869547e-07
Variance Threshold,Diabetic Patients,Primary Dx – Symptoms/Signs: R26.89,0.999999859972183,1.0000001070439293,-2.4707174628435524e-07,2.4707174628435524e-07
Variance Threshold,Heart Failure Patients,Dx2 – Circulatory: I50.32,1.0000001151720057,0.9999998717961552,2.433758504727379e-07,2.433758504727379e-07
Variance Threshold,Complete Cohort,"Dx1 – Factors Influencing Health Status: Z45.2, Z79.2",0.9999998645852832,1.000000103795266,-2.392099827108751e-07,2.392099827108751e-07
Variance Threshold,Hypertensive Patients,HIPPS: 1CGLT,0.999999833212048,1.0000000644197555,-2.312077075350416e-07,2.312077075350416e-07
Variance Threshold,Complete Cohort,Dx1 – Endocrine/Metabolic: E11.65,0.9999998856973914,1.000000116534414,-2.3083702249682148e-07,2.3083702249682148e-07
Variance Threshold,Complete Cohort,HIPPS: 2AFLS,0.9999998624190412,1.0000000901191115,-2.2770007035433082e-07,2.2770007035433082e-07
Variance Threshold,Diabetic Patients,Dx3 – Cluster 35,0.99999989677712,1.0000001223700186,-2.2559289858392617e-07,2.2559289858392617e-07
Variance Threshold,Complete Cohort,Dx4 – Endocrine/Metabolic: E11.65,1.0000000968176876,0.9999998738357015,2.2298198609771447e-07,2.2298198609771447e-07
Variance Threshold,Diabetic Patients,"Dx2 – Circulatory: I10., M62.81",0.9999998873893544,1.0000001097043938,-2.2231503937764074e-07,2.2231503937764074e-07
Variance Threshold,Heart Failure Patients,County: Willacy,0.999999889481038,1.00000010970118,-2.2022014189992944e-07,2.2022014189992944e-07
Variance Threshold,Diabetic Patients,"Dx1 – Endocrine/Metabolic: E78.5, E03.9",0.999999872330956,1.0000000923495225,-2.2001856647690943e-07,2.2001856647690943e-07
Variance Threshold,Diabetic Patients,HIPPS: 1CHPS,0.9999998739482884,1.0000000916491394,-2.1770085101291414e-07,2.1770085101291414e-07
Variance Threshold,Diabetic Patients,Dx5 – Factors Influencing Health Status: Z79.891,0.9999998827679366,1.000000099094036,-2.1632609947808135e-07,2.1632609947808135e-07
Variance Threshold,Heart Failure Patients,Dx3 – Circulatory: I50.30,0.999999890013833,1.0000001055746242,-2.1556079110585102e-07,2.1556079110585102e-07
Variance Threshold,Hypertensive Patients,Dx1 – Cluster 131,0.9999999261601442,1.0000001407186028,-2.1455845855555822e-07,2.1455845855555822e-07
Variance Threshold,Heart Failure Patients,HIPPS: 2BFMS,0.9999999342797288,1.0000001482096073,-2.1392987847868028e-07,2.1392987847868028e-07
Variance Threshold,Hypertensive Patients,County: Hood,0.9999998904174084,1.0000001042302142,-2.1381280579380046e-07,2.1381280579380046e-07
Variance Threshold,Hypertensive Patients,VALV,1.0000001151641509,0.9999999016549124,2.1350923851137793e-07,2.1350923851137793e-07
Variance Threshold,Complete Cohort,Dx1 – Endocrine/Metabolic: E11.65,0.9999998856973914,1.0000000986576667,-2.1296027530315342e-07,2.1296027530315342e-07
Variance Threshold,Hypertensive Patients,HIPPS: 2CGLS,0.9999999109220128,1.0000001228888304,-2.1196681765367487e-07,2.1196681765367487e-07
Variance Threshold,Complete Cohort,Dx5 – Circulatory: I50.22,0.9999998816746848,1.0000000925014016,-2.108267168621225e-07,2.108267168621225e-07
Variance Threshold,Hypertensive Patients,Dx1 – Factors Influencing Health Status: Z79.4,1.00000006659843,0.9999998558918064,2.107066237044819e-07,2.107066237044819e-07
Variance Threshold,Heart Failure Patients,Primary Dx – Mental/Behavioral: F03.90,0.999999890013833,1.0000000998425107,-2.0982867765528823e-07,2.0982867765528823e-07
Variance Threshold,Complete Cohort,County: Wharton,1.0000000789350598,0.9999998709377884,2.0799727140641266e-07,2.0799727140641266e-07
Variance Threshold,Diabetic Patients,HIPPS: 1CGKS,1.000000149628567,0.9999999418099262,2.0781864085162027e-07,2.0781864085162027e-07
Variance Threshold,Complete Cohort,Dx1 – Genitourinary: N18.2,0.9999998511829437,1.0000000580417432,-2.0685879953408204e-07,2.0685879953408204e-07
Variance Threshold,Diabetic Patients,"Dx5 – Musculoskeletal: M25.561, M25.562",1.0000000959692517,0.9999998895855164,2.0638373521286724e-07,2.0638373521286724e-07
Variance Threshold,Complete Cohort,HIPPS: 1BFNS,0.9999999205225584,1.000000125599096,-2.050765376404584e-07,2.050765376404584e-07
Variance Threshold,Heart Failure Patients,HIPPS: 1BFLS,0.9999999457624648,1.0000001505142913,-2.047518264935988e-07,2.047518264935988e-07
Variance Threshold,Diabetic Patients,Dx5 – Factors Influencing Health Status: Z79.891,0.9999998827679366,1.0000000873798576,-2.0461192096199454e-07,2.0461192096199454e-07
Variance Threshold,Diabetic Patients,HIPPS: 2AFLS,0.9999999063902284,1.000000110635329,-2.0424510049910083e-07,2.0424510049910083e-07
Variance Threshold,Heart Failure Patients,HIPPS: 1BGLS,0.9999999184858646,1.0000001224427586,-2.039568940404024e-07,2.039568940404024e-07
Variance Threshold,Hypertensive Patients,County: Wilson,1.0000000612771434,0.9999998575718344,2.0370530895430505e-07,2.0370530895430505e-07
Variance Threshold,Diabetic Patients,"Primary Dx – Mental/Behavioral: F32.9, F41.9",0.9999998723309558,1.0000000732202303,-2.0088927454864347e-07,2.0088927454864347e-07
Variance Threshold,Complete Cohort,HIPPS: 1BHLS,0.999999941593578,1.0000001412387616,-1.9964518360726657e-07,1.9964518360726657e-07
Variance Threshold,Diabetic Patients,Dx3 – Genitourinary: N18.2,0.9999998827679368,1.0000000809721692,-1.9820423236005524e-07,1.9820423236005524e-07
Variance Threshold,Hypertensive Patients,Dx4 – Cluster 118,0.999999833212048,1.0000000307548846,-1.9754283664408234e-07,1.9754283664408234e-07
Variance Threshold,Heart Failure Patients,County: Jefferson,1.0000001174577184,0.9999999207816044,1.9667611406148922e-07,1.9667611406148922e-07
Variance Threshold,Complete Cohort,HIPPS: 1CHLS,1.0000001199039232,0.999999924474281,1.95429642246836e-07,1.95429642246836e-07
Variance Threshold,Complete Cohort,Dx3 – Factors Influencing Health Status: Z79.82,0.9999998321979444,1.000000026691139,-1.9449319466069426e-07,1.9449319466069426e-07
Variance Threshold,Diabetic Patients,Dx3 – Genitourinary: N18.5,1.0000001024309586,0.9999999093933822,1.930375763681269e-07,1.930375763681269e-07
Variance Threshold,Heart Failure Patients,HIPPS: 2CHMT,0.9999999499937344,1.0000001428389849,-1.9284525043516965e-07,1.9284525043516965e-07
Variance Threshold,Complete Cohort,HIPPS: 5BHKT,0.9999999016878932,1.0000000945162906,-1.9282839736067814e-07,1.9282839736067814e-07
Variance Threshold,Hypertensive Patients,"Dx2 – Factors Influencing Health Status: Z48.812, I21.4",0.9999999205790562,1.0000001125900293,-1.9201097312127047e-07,1.9201097312127047e-07
Variance Threshold,Diabetic Patients,Dx3 – Cluster 118,0.9999998723309558,1.000000064250821,-1.9191986533328986e-07,1.9191986533328986e-07
Variance Threshold,Hypertensive Patients,HIPPS: 1CHMV,1.000000081065474,0.999999889232884,1.9183258992416796e-07,1.9183258992416796e-07
Variance Threshold,Complete Cohort,CEVD,0.999999888582452,1.0000000799239512,-1.913414992005258e-07,1.913414992005258e-07
Variance Threshold,Heart Failure Patients,HIPPS: 1BFKT,1.0000000806207967,0.9999998901406326,1.9048016408618196e-07,1.9048016408618196e-07
Variance Threshold,Heart Failure Patients,Dx2 – Digestive: K21.9,1.0000000693543087,0.9999998792401384,1.9011417029535238e-07,1.9011417029535238e-07
Variance Threshold,Complete Cohort,Dx1 – Musculoskeletal: M15.0,1.0000001166630663,0.9999999267408348,1.899222314971638e-07,1.899222314971638e-07
Variance Threshold,Diabetic Patients,County: Palo Pinto,1.0000000688324566,0.9999998791606508,1.8967180581697107e-07,1.8967180581697107e-07
Variance Threshold,Heart Failure Patients,Primary Dx – Digestive: K21.9,0.9999999351120282,1.000000123091477,-1.8797944878468087e-07,1.8797944878468087e-07
Variance Threshold,Diabetic Patients,HIPPS: 2BGMS,1.0000001145137465,0.9999999267337965,1.8777995003382841e-07,1.8777995003382841e-07
Variance Threshold,Diabetic Patients,County: Fort Bend,1.0000001061005712,0.9999999183734192,1.8772715204562473e-07,1.8772715204562473e-07
Variance Threshold,Heart Failure Patients,"Dx4 – Endocrine/Metabolic: E78.5, E03.9",0.9999999846479366,1.000000171501214,-1.8685327729528467e-07,1.8685327729528467e-07
Variance Threshold,Heart Failure Patients,"Primary Dx – Factors Influencing Health Status: Z96.642, M16.12",0.9999998894810382,1.0000000760702816,-1.865892433894345e-07,1.865892433894345e-07
Variance Threshold,Heart Failure Patients,Dx5 – Mental/Behavioral: F03.90,0.9999998687109408,1.000000054826214,-1.8611527319301047e-07,1.8611527319301047e-07
Variance Threshold,Diabetic Patients,Primary Dx – Cluster 72,0.9999999394265908,1.0000001223700183,-1.8294342751801196e-07,1.8294342751801196e-07
Variance Threshold,Heart Failure Patients,Dx1 – Circulatory: I50.22,1.0000000940026823,0.999999911130148,1.8287253433779682e-07,1.8287253433779682e-07
Variance Threshold,Hypertensive Patients,Dx5 – Symptoms/Signs: R26.9,0.9999999351972734,1.0000001175446924,-1.8234741905320817e-07,1.8234741905320817e-07
Variance Threshold,Hypertensive Patients,HIPPS: 5AHKS,1.000000037593427,0.9999998558422942,1.8175113281060362e-07,1.8175113281060362e-07
Variance Threshold,Hypertensive Patients,"Dx5 – Endocrine/Metabolic: E78.5, E03.9",0.9999998894756464,1.0000000710522643,-1.8157661785256352e-07,1.8157661785256352e-07
Variance Threshold,Hypertensive Patients,HIPPS: 1CFNS,1.0000000257760049,0.9999998459142284,1.798617764725563e-07,1.798617764725563e-07
Variance Threshold,Hypertensive Patients,HIPPS: 5CHKU,0.99999992979032,1.000000107698096,-1.7790777595561025e-07,1.7790777595561025e-07
Variance Threshold,Hypertensive Patients,Primary Dx – Mental/Behavioral: F03.90,1.0000001146845925,0.9999999369295924,1.7775500005257072e-07,1.7775500005257072e-07
Variance Threshold,Diabetic Patients,DRUG,1.000000077234285,0.9999999001417468,1.7709253818942727e-07,1.7709253818942727e-07
Variance Threshold,Hypertensive Patients,Dx3 – Symptoms/Signs: R26.89,1.0000000380015974,0.9999998612231488,1.7677844865726655e-07,1.7677844865726655e-07
Variance Threshold,Hypertensive Patients,County: Bastrop,0.99999992858128,1.0000001042302142,-1.756489342863432e-07,1.756489342863432e-07
