Threshold,ROC_AUC,PR_AUC,F1_Score,Accuracy,Precision,Recall,Recall_Sensitivity,Specificity,Brier_Score,TP,TN,FP,FN,Cohort,Setting,Cohort Size,Num Features,Model
0.5397375961327743,0.7134548346115661,0.29022453240509666,0.3321331564651633,0.7644582070932098,0.2541324311261479,0.479219832300401,0.479219832300401,0.8041723770366986,0.18817092492381504,2629,31686,7716,2857,Nationwide Cohort - Urban,Urban,224440,2075,LightGBM
0.54509437084198,0.7162900274340175,0.29374372787338376,0.33912037037037035,0.7710301194083051,0.26197099145638786,0.48067808968282905,0.48067808968282905,0.8114562712552662,0.19620658522027495,2637,31973,7429,2849,Nationwide Cohort - Urban,Urban,224440,2075,XGBoost
0.5619763817504962,0.7215997833302366,0.295783490590219,0.3374233128834356,0.7738371056852611,0.2628100854005693,0.471199416697047,0.471199416697047,0.81597380843612,0.20692757930868588,2585,32151,7251,2901,Nationwide Cohort - Urban,Urban,224440,2075,CatBoost
0.39763614757656174,0.6631677159017653,0.22156625129671437,0.28546606704824207,0.6885136339333452,0.19833830421815082,0.509114108640175,0.509114108640175,0.7134917009288868,0.1560003675933228,2793,28113,11289,2693,Nationwide Cohort - Urban,Urban,224440,2075,Random Forest
0.5630472517684536,0.7113410377598617,0.27224441383544584,0.33041186161449754,0.7736366066654785,0.2587470327175147,0.45698140721837405,0.45698140721837405,0.8177249885792599,0.21420571221553128,2507,32220,7182,2979,Nationwide Cohort - Urban,Urban,224440,2075,Gradient Boosting
0.5875245933689096,0.7130304532898069,0.2750452885454496,0.3325769854132901,0.7706513990376047,0.258074252942952,0.467553773240977,0.467553773240977,0.8128521394853053,0.21067305736690783,2565,32028,7374,2921,Nationwide Cohort - Urban,Urban,224440,2075,Logistic Regression
0.5247106357399623,0.7013957768915168,0.3167238629227978,0.3531131960521506,0.7689126839035432,0.2926681478489194,0.44502457002457,0.44502457002457,0.8223957805051222,0.17787739130192495,1449,16216,3502,1807,Nationwide Cohort - Rural,Rural,114867,2075,LightGBM
0.510534405708313,0.7037234839243156,0.3192422702013581,0.35577758470894877,0.741795072690868,0.2752016129032258,0.5030712530712531,0.5030712530712531,0.7812151333806674,0.18996614191701963,1638,15404,4314,1618,Nationwide Cohort - Rural,Rural,114867,2075,XGBoost
0.543256326549045,0.7131011326036176,0.3299601973262249,0.36265502985760223,0.7584225646382867,0.2896184886280264,0.48495085995085996,0.48495085995085996,0.8035804848361903,0.20222789952950165,1579,15845,3873,1677,Nationwide Cohort - Rural,Rural,114867,2075,CatBoost
0.3410129670744859,0.6621849185306432,0.2485068621241797,0.3023111417730252,0.5598067380517107,0.19494616958804165,0.672911547911548,0.672911547911548,0.5411299320417893,0.15512174655528915,2191,10670,9048,1065,Nationwide Cohort - Rural,Rural,114867,2075,Random Forest
0.5180018106271972,0.7086466474589002,0.31606576197817055,0.35447249951066745,0.7128928353791242,0.26012640045963803,0.5562039312039312,0.5562039312039312,0.7387666091895729,0.21026264586650417,1811,14567,5151,1445,Nationwide Cohort - Rural,Rural,114867,2075,Gradient Boosting
0.5328355888421215,0.6971675626331271,0.29755632946478267,0.3475325191142885,0.7139810220248977,0.25678650036683787,0.5374692874692875,0.5374692874692875,0.7431281062988133,0.21102370478587654,1750,14653,5065,1506,Nationwide Cohort - Rural,Rural,114867,2075,Logistic Regression
0.36584440930715134,0.6700560990231775,0.2847860450307771,0.33080955154338965,0.6853778751369113,0.23935946059839866,0.5353440150801131,0.5353440150801131,0.7108761813230818,0.15247604514427546,568,4438,1805,493,Texas Cohort - Urban,Urban,36518,756,LightGBM
0.4723028540611267,0.6676343857618176,0.29105590494013234,0.3269989243456436,0.7430175246440307,0.2638888888888889,0.4297832233741753,0.4297832233741753,0.7962518020182604,0.17010893939816008,456,4971,1272,605,Texas Cohort - Urban,Urban,36518,756,XGBoost
0.5179801373928616,0.6956127903780037,0.32402490446404913,0.3507890961262554,0.7521905805038335,0.2831499710480602,0.46088595664467485,0.46088595664467485,0.8016979016498478,0.1905477719117661,489,5005,1238,572,Texas Cohort - Urban,Urban,36518,756,CatBoost
0.2852607535676107,0.6304217368127139,0.22736058784326577,0.29265599116510216,0.6492332968236583,0.20695040999609526,0.49952874646559847,0.49952874646559847,0.6746756367131187,0.13441439461367718,530,4212,2031,531,Texas Cohort - Urban,Urban,36518,756,Random Forest
0.5300898929064267,0.701612497797722,0.3283513822682569,0.35499092558983664,0.7567086527929902,0.2886658795749705,0.46088595664467485,0.46088595664467485,0.8069838218805062,0.19973124587982485,489,5038,1205,572,Texas Cohort - Urban,Urban,36518,756,Gradient Boosting
0.61181121233714,0.6905288682985642,0.31485934350848077,0.3413835448219402,0.779709748083242,0.3017366136034732,0.3930254476908577,0.3930254476908577,0.8454268781034759,0.21184780523044322,417,5278,965,644,Texas Cohort - Urban,Urban,36518,756,Logistic Regression
0.22736808005930806,0.6811406932528098,0.2936794445907368,0.3245192307692307,0.5666088297667246,0.2115987460815047,0.6958762886597938,0.6958762886597938,0.5438676037179778,0.14544202608195902,540,2399,2012,236,Texas Cohort - Rural,Rural,25931,756,LightGBM
0.5022168755531311,0.6920979533359666,0.3198609781740418,0.35365853658536583,0.7752072488914594,0.3103112840466926,0.4110824742268041,0.4110824742268041,0.8392654726819315,0.1625777174610315,319,3702,709,457,Texas Cohort - Rural,Rural,25931,756,XGBoost
0.5372119357061678,0.7071443930006286,0.340425235358402,0.3666666666666667,0.7655677655677655,0.3076923076923077,0.4536082474226804,0.4536082474226804,0.8204488778054863,0.18486943393766603,352,3619,792,424,Texas Cohort - Rural,Rural,25931,756,CatBoost
0.256347869293382,0.6688115115211035,0.27227646644565384,0.3253333333333333,0.609793715056873,0.21942446043165467,0.6288659793814433,0.6288659793814433,0.6064384493312174,0.13166206517386203,488,2675,1736,288,Texas Cohort - Rural,Rural,25931,756,Random Forest
0.5058940979113724,0.7185302325255278,0.3360020630498617,0.37433155080213903,0.7293233082706767,0.28610354223433243,0.5412371134020618,0.5412371134020618,0.7624121514395829,0.1945731160622902,420,3363,1048,356,Texas Cohort - Rural,Rural,25931,756,Gradient Boosting
0.5324944561604193,0.7069842965220501,0.32986718876827104,0.37133277451802177,0.7108155002891845,0.2751552795031056,0.5708762886597938,0.5708762886597938,0.7354341419179324,0.21070630950294744,443,3244,1167,333,Texas Cohort - Rural,Rural,25931,756,Logistic Regression
