Cohort,Setting,Cohort Size,Num Features,Model,Metric,Mean,CI_Lower,CI_Upper,Formatted
Nationwide Cohort - Urban,Urban,224440,2075,LightGBM,ROC_AUC,0.7133063398054634,0.7062598016060215,0.72144285441814,0.7133 (0.7063 - 0.7214)
Nationwide Cohort - Urban,Urban,224440,2075,LightGBM,PR_AUC,0.290282310969173,0.27718176349066975,0.3019205187909104,0.2903 (0.2772 - 0.3019)
Nationwide Cohort - Urban,Urban,224440,2075,LightGBM,F1_Score,0.33207615349368647,0.3204607860555256,0.3413303028631724,0.3321 (0.3205 - 0.3413)
Nationwide Cohort - Urban,Urban,224440,2075,LightGBM,Accuracy,0.7644031812511138,0.7605139458207093,0.7682571065763679,0.7644 (0.7605 - 0.7683)
Nationwide Cohort - Urban,Urban,224440,2075,LightGBM,Precision,0.25405516502125725,0.24401907637018924,0.26234709563078706,0.2541 (0.2440 - 0.2623)
Nationwide Cohort - Urban,Urban,224440,2075,LightGBM,Recall_Sensitivity,0.47931381344307356,0.4656788035833122,0.495086350773354,0.4793 (0.4657 - 0.4951)
Nationwide Cohort - Urban,Urban,224440,2075,LightGBM,Specificity,0.8040899051220879,0.8001752755986834,0.8080201283994948,0.8041 (0.8002 - 0.8080)
Nationwide Cohort - Urban,Urban,224440,2075,LightGBM,Brier_Score,0.18822429764626192,0.1868337900678377,0.1898154164788456,0.1882 (0.1868 - 0.1898)
Nationwide Cohort - Urban,Urban,224440,2075,XGBoost,ROC_AUC,0.7162089965459958,0.7075677427946935,0.7237586927546553,0.7162 (0.7076 - 0.7238)
Nationwide Cohort - Urban,Urban,224440,2075,XGBoost,PR_AUC,0.2936542963698719,0.28053067304735846,0.3058976795553892,0.2937 (0.2805 - 0.3059)
Nationwide Cohort - Urban,Urban,224440,2075,XGBoost,F1_Score,0.3390502319001958,0.3280295244664498,0.34911488951321934,0.3391 (0.3280 - 0.3491)
Nationwide Cohort - Urban,Urban,224440,2075,XGBoost,Accuracy,0.7710138567100339,0.7669020673676706,0.7750194929602566,0.7710 (0.7669 - 0.7750)
Nationwide Cohort - Urban,Urban,224440,2075,XGBoost,Precision,0.2619078529594384,0.2512821035927943,0.27013802028363554,0.2619 (0.2513 - 0.2701)
Nationwide Cohort - Urban,Urban,224440,2075,XGBoost,Recall_Sensitivity,0.4806677011019488,0.46677376945923993,0.4951063728543743,0.4807 (0.4668 - 0.4951)
Nationwide Cohort - Urban,Urban,224440,2075,XGBoost,Specificity,0.811431653965251,0.8073354235123517,0.8153928589166007,0.8114 (0.8073 - 0.8154)
Nationwide Cohort - Urban,Urban,224440,2075,XGBoost,Brier_Score,0.19625599568998645,0.1948541062130181,0.1976814095415624,0.1963 (0.1949 - 0.1977)
Nationwide Cohort - Urban,Urban,224440,2075,CatBoost,ROC_AUC,0.7214401793669808,0.7143684719474982,0.7285052617169481,0.7214 (0.7144 - 0.7285)
Nationwide Cohort - Urban,Urban,224440,2075,CatBoost,PR_AUC,0.295787456206146,0.28295447766920995,0.30680267304492603,0.2958 (0.2830 - 0.3068)
Nationwide Cohort - Urban,Urban,224440,2075,CatBoost,F1_Score,0.33708203883991655,0.3265422409971253,0.34658239470524677,0.3371 (0.3265 - 0.3466)
Nationwide Cohort - Urban,Urban,224440,2075,CatBoost,Accuracy,0.7737168062733916,0.7686892933523436,0.7775151488148281,0.7737 (0.7687 - 0.7775)
Nationwide Cohort - Urban,Urban,224440,2075,CatBoost,Precision,0.26252651376072966,0.2530043179690572,0.2712845927722109,0.2625 (0.2530 - 0.2713)
Nationwide Cohort - Urban,Urban,224440,2075,CatBoost,Recall_Sensitivity,0.47083439081896933,0.45469307693241645,0.4849223972855015,0.4708 (0.4547 - 0.4849)
Nationwide Cohort - Urban,Urban,224440,2075,CatBoost,Specificity,0.8158799749871909,0.811632195059403,0.8194472651232291,0.8159 (0.8116 - 0.8194)
Nationwide Cohort - Urban,Urban,224440,2075,CatBoost,Brier_Score,0.20696414213196734,0.20570279172699973,0.20838289653698713,0.2070 (0.2057 - 0.2084)
Nationwide Cohort - Urban,Urban,224440,2075,Random Forest,ROC_AUC,0.6630523601524516,0.6556702568580053,0.6705792396229808,0.6631 (0.6557 - 0.6706)
Nationwide Cohort - Urban,Urban,224440,2075,Random Forest,PR_AUC,0.2217683605042163,0.21244672001309156,0.2310689456712331,0.2218 (0.2124 - 0.2311)
Nationwide Cohort - Urban,Urban,224440,2075,Random Forest,F1_Score,0.28560448972338487,0.27723024898674736,0.2951009812091456,0.2856 (0.2772 - 0.2951)
Nationwide Cohort - Urban,Urban,224440,2075,Random Forest,Accuracy,0.6886999866333987,0.6846590402780253,0.6926294332561042,0.6887 (0.6847 - 0.6926)
Nationwide Cohort - Urban,Urban,224440,2075,Random Forest,Precision,0.1984593622184984,0.19183458861981384,0.20601099665693134,0.1985 (0.1918 - 0.2060)
Nationwide Cohort - Urban,Urban,224440,2075,Random Forest,Recall_Sensitivity,0.5092562104420874,0.49570282733500515,0.5225241139608745,0.5093 (0.4957 - 0.5225)
Nationwide Cohort - Urban,Urban,224440,2075,Random Forest,Specificity,0.7136782024719837,0.7093988294681233,0.7177071228930493,0.7137 (0.7094 - 0.7177)
Nationwide Cohort - Urban,Urban,224440,2075,Random Forest,Brier_Score,0.15599970449854175,0.154968597492473,0.1569921480503241,0.1560 (0.1550 - 0.1570)
Nationwide Cohort - Urban,Urban,224440,2075,Gradient Boosting,ROC_AUC,0.71116241763208,0.7040730299781692,0.7192746748759166,0.7112 (0.7041 - 0.7193)
Nationwide Cohort - Urban,Urban,224440,2075,Gradient Boosting,PR_AUC,0.2722728940285055,0.2609762232783871,0.28388452696211125,0.2723 (0.2610 - 0.2839)
Nationwide Cohort - Urban,Urban,224440,2075,Gradient Boosting,F1_Score,0.3301493194437757,0.3185506379585327,0.3392656547044402,0.3301 (0.3186 - 0.3393)
Nationwide Cohort - Urban,Urban,224440,2075,Gradient Boosting,Accuracy,0.7735824719301373,0.7691805159508109,0.7772077169844948,0.7736 (0.7692 - 0.7772)
Nationwide Cohort - Urban,Urban,224440,2075,Gradient Boosting,Precision,0.25854907064642463,0.2480297071946795,0.26711123708915224,0.2585 (0.2480 - 0.2671)
Nationwide Cohort - Urban,Urban,224440,2075,Gradient Boosting,Recall_Sensitivity,0.4566461185581811,0.44269740771011845,0.47098244824316515,0.4566 (0.4427 - 0.4710)
Nationwide Cohort - Urban,Urban,224440,2075,Gradient Boosting,Specificity,0.8177017299272742,0.8139551833331858,0.8215206831170675,0.8177 (0.8140 - 0.8215)
Nationwide Cohort - Urban,Urban,224440,2075,Gradient Boosting,Brier_Score,0.21424847394131372,0.21298477689517384,0.2155983569123214,0.2142 (0.2130 - 0.2156)
Nationwide Cohort - Urban,Urban,224440,2075,Logistic Regression,ROC_AUC,0.7127530603907019,0.7050128539783281,0.7198391856581208,0.7128 (0.7050 - 0.7198)
Nationwide Cohort - Urban,Urban,224440,2075,Logistic Regression,PR_AUC,0.27492220898836417,0.2636533899793821,0.2851816537215564,0.2749 (0.2637 - 0.2852)
Nationwide Cohort - Urban,Urban,224440,2075,Logistic Regression,F1_Score,0.33199853768043974,0.3227276744328399,0.34148276236965336,0.3320 (0.3227 - 0.3415)
Nationwide Cohort - Urban,Urban,224440,2075,Logistic Regression,Accuracy,0.7704966806273393,0.7666180270896453,0.7744391596863305,0.7705 (0.7666 - 0.7744)
Nationwide Cohort - Urban,Urban,224440,2075,Logistic Regression,Precision,0.25763876274223557,0.2492156205912015,0.26642750774666013,0.2576 (0.2492 - 0.2664)
Nationwide Cohort - Urban,Urban,224440,2075,Logistic Regression,Recall_Sensitivity,0.46675342294925243,0.4535775556049522,0.480177562564765,0.4668 (0.4536 - 0.4802)
Nationwide Cohort - Urban,Urban,224440,2075,Logistic Regression,Specificity,0.8127793058172699,0.8089110446376486,0.8166956500566351,0.8128 (0.8089 - 0.8167)
Nationwide Cohort - Urban,Urban,224440,2075,Logistic Regression,Brier_Score,0.21072931846655119,0.20889288599742942,0.21256409236655224,0.2107 (0.2089 - 0.2126)
Nationwide Cohort - Rural,Rural,114867,2075,LightGBM,ROC_AUC,0.7012737890475594,0.6912199066873039,0.7109490432199753,0.7013 (0.6912 - 0.7109)
Nationwide Cohort - Rural,Rural,114867,2075,LightGBM,PR_AUC,0.31675513804752886,0.3015914178987832,0.33488997157530026,0.3168 (0.3016 - 0.3349)
Nationwide Cohort - Rural,Rural,114867,2075,LightGBM,F1_Score,0.3529643836503476,0.33994440474527987,0.36553357067985803,0.3530 (0.3399 - 0.3655)
Nationwide Cohort - Rural,Rural,114867,2075,LightGBM,Accuracy,0.7688519630887088,0.7632541133455211,0.7747573343779925,0.7689 (0.7633 - 0.7748)
Nationwide Cohort - Rural,Rural,114867,2075,LightGBM,Precision,0.29236880028609535,0.27986055064928717,0.3044240313765242,0.2924 (0.2799 - 0.3044)
Nationwide Cohort - Rural,Rural,114867,2075,LightGBM,Recall_Sensitivity,0.4453337317285711,0.4266142439376135,0.460336354102375,0.4453 (0.4266 - 0.4603)
Nationwide Cohort - Rural,Rural,114867,2075,LightGBM,Specificity,0.822216891799172,0.8176356546000103,0.8276561373705401,0.8222 (0.8176 - 0.8277)
Nationwide Cohort - Rural,Rural,114867,2075,LightGBM,Brier_Score,0.177909121582097,0.17578403579393917,0.17977159335086734,0.1779 (0.1758 - 0.1798)
Nationwide Cohort - Rural,Rural,114867,2075,XGBoost,ROC_AUC,0.7036390633549732,0.695047213731935,0.7128070684122622,0.7036 (0.6950 - 0.7128)
Nationwide Cohort - Rural,Rural,114867,2075,XGBoost,PR_AUC,0.31937355252146105,0.304555421457059,0.3348367735986335,0.3194 (0.3046 - 0.3348)
Nationwide Cohort - Rural,Rural,114867,2075,XGBoost,F1_Score,0.3556250332050077,0.3432813104956461,0.3670024013359802,0.3556 (0.3433 - 0.3670)
Nationwide Cohort - Rural,Rural,114867,2075,XGBoost,Accuracy,0.741806607469313,0.7364792809262645,0.7475428745538435,0.7418 (0.7365 - 0.7475)
Nationwide Cohort - Rural,Rural,114867,2075,XGBoost,Precision,0.27499499861869875,0.2637923189950631,0.28579086382485935,0.2750 (0.2638 - 0.2858)
Nationwide Cohort - Rural,Rural,114867,2075,XGBoost,Recall_Sensitivity,0.5032537305113947,0.48550101484884095,0.518761024991641,0.5033 (0.4855 - 0.5188)
Nationwide Cohort - Rural,Rural,114867,2075,XGBoost,Specificity,0.7811566184376545,0.7756404210228199,0.7861120312108139,0.7812 (0.7756 - 0.7861)
Nationwide Cohort - Rural,Rural,114867,2075,XGBoost,Brier_Score,0.18996373177154602,0.1880827197461922,0.19190943686862985,0.1900 (0.1881 - 0.1919)
Nationwide Cohort - Rural,Rural,114867,2075,CatBoost,ROC_AUC,0.7130289755150323,0.7038785594060788,0.7218892441941576,0.7130 (0.7039 - 0.7219)
Nationwide Cohort - Rural,Rural,114867,2075,CatBoost,PR_AUC,0.33024652515727326,0.31612884790133794,0.34403465391659077,0.3302 (0.3161 - 0.3440)
Nationwide Cohort - Rural,Rural,114867,2075,CatBoost,F1_Score,0.3623186963139647,0.34926456355735785,0.37527658579577766,0.3623 (0.3493 - 0.3753)
Nationwide Cohort - Rural,Rural,114867,2075,CatBoost,Accuracy,0.7583655436580483,0.7522394881170018,0.7642128057804475,0.7584 (0.7522 - 0.7642)
Nationwide Cohort - Rural,Rural,114867,2075,CatBoost,Precision,0.2892503174777142,0.27661959198989755,0.3014432178442258,0.2893 (0.2766 - 0.3014)
Nationwide Cohort - Rural,Rural,114867,2075,CatBoost,Recall_Sensitivity,0.4848810248785199,0.4681226323655522,0.5021742924737761,0.4849 (0.4681 - 0.5022)
Nationwide Cohort - Rural,Rural,114867,2075,CatBoost,Specificity,0.8034781183565548,0.7979521607877575,0.8084028544037465,0.8035 (0.7980 - 0.8084)
Nationwide Cohort - Rural,Rural,114867,2075,CatBoost,Brier_Score,0.2022338278359239,0.20042207865950912,0.20428040208628143,0.2022 (0.2004 - 0.2043)
Nationwide Cohort - Rural,Rural,114867,2075,Random Forest,ROC_AUC,0.6622016059860151,0.6523089639590104,0.6719940325268878,0.6622 (0.6523 - 0.6720)
Nationwide Cohort - Rural,Rural,114867,2075,Random Forest,PR_AUC,0.24873105265256384,0.23575883545925594,0.25812469834059965,0.2487 (0.2358 - 0.2581)
Nationwide Cohort - Rural,Rural,114867,2075,Random Forest,F1_Score,0.3020395123103413,0.29282309988754845,0.31196901188600656,0.3020 (0.2928 - 0.3120)
Nationwide Cohort - Rural,Rural,114867,2075,Random Forest,Accuracy,0.5594728823887872,0.5534941673195787,0.5654370157569427,0.5595 (0.5535 - 0.5654)
Nationwide Cohort - Rural,Rural,114867,2075,Random Forest,Precision,0.1947058915554031,0.18768893416571508,0.20196191197921812,0.1947 (0.1877 - 0.2020)
Nationwide Cohort - Rural,Rural,114867,2075,Random Forest,Recall_Sensitivity,0.6732405405956453,0.6581950254037602,0.689083131983513,0.6732 (0.6582 - 0.6891)
Nationwide Cohort - Rural,Rural,114867,2075,Random Forest,Specificity,0.5407055982616044,0.534336131086521,0.5479383792093385,0.5407 (0.5343 - 0.5479)
Nationwide Cohort - Rural,Rural,114867,2075,Random Forest,Brier_Score,0.15511544329214197,0.15339446918435962,0.1567996834588948,0.1551 (0.1534 - 0.1568)
Nationwide Cohort - Rural,Rural,114867,2075,Gradient Boosting,ROC_AUC,0.7087851176446404,0.6997575791349492,0.7172970576667469,0.7088 (0.6998 - 0.7173)
Nationwide Cohort - Rural,Rural,114867,2075,Gradient Boosting,PR_AUC,0.31674658648462617,0.3025940925025883,0.3310378561473577,0.3167 (0.3026 - 0.3310)
Nationwide Cohort - Rural,Rural,114867,2075,Gradient Boosting,F1_Score,0.3544638273881038,0.3428088305559668,0.36410692715185794,0.3545 (0.3428 - 0.3641)
Nationwide Cohort - Rural,Rural,114867,2075,Gradient Boosting,Accuracy,0.713009271350222,0.7069295725602855,0.718567728736833,0.7130 (0.7069 - 0.7186)
Nationwide Cohort - Rural,Rural,114867,2075,Gradient Boosting,Precision,0.26006797810183174,0.2508508900686156,0.26931040059324585,0.2601 (0.2509 - 0.2693)
Nationwide Cohort - Rural,Rural,114867,2075,Gradient Boosting,Recall_Sensitivity,0.5565437104634126,0.5390207839227898,0.5739631264585716,0.5565 (0.5390 - 0.5740)
Nationwide Cohort - Rural,Rural,114867,2075,Gradient Boosting,Specificity,0.7388190678943015,0.7327689716873175,0.7449036378244434,0.7388 (0.7328 - 0.7449)
Nationwide Cohort - Rural,Rural,114867,2075,Gradient Boosting,Brier_Score,0.2102401009957631,0.2088230203407112,0.21191635099797654,0.2102 (0.2088 - 0.2119)
Nationwide Cohort - Rural,Rural,114867,2075,Logistic Regression,ROC_AUC,0.6970922561398732,0.6872642974439634,0.7077048079435064,0.6971 (0.6873 - 0.7077)
Nationwide Cohort - Rural,Rural,114867,2075,Logistic Regression,PR_AUC,0.2982230719559024,0.2839724890405286,0.31275936728459913,0.2982 (0.2840 - 0.3128)
Nationwide Cohort - Rural,Rural,114867,2075,Logistic Regression,F1_Score,0.3471889567638107,0.33508525041236226,0.3578123451287811,0.3472 (0.3351 - 0.3578)
Nationwide Cohort - Rural,Rural,114867,2075,Logistic Regression,Accuracy,0.713807129798903,0.7083170105336467,0.7197364411943936,0.7138 (0.7083 - 0.7197)
Nationwide Cohort - Rural,Rural,114867,2075,Logistic Regression,Precision,0.2564222168591117,0.24615351320155823,0.26619379360268886,0.2564 (0.2462 - 0.2662)
Nationwide Cohort - Rural,Rural,114867,2075,Logistic Regression,Recall_Sensitivity,0.5375527730046258,0.518599009271665,0.5557687199990442,0.5376 (0.5186 - 0.5558)
Nationwide Cohort - Rural,Rural,114867,2075,Logistic Regression,Specificity,0.7428810761983103,0.7363585067704287,0.7491296622181706,0.7429 (0.7364 - 0.7491)
Nationwide Cohort - Rural,Rural,114867,2075,Logistic Regression,Brier_Score,0.21105438846395003,0.2088973797745391,0.21324915723781826,0.2111 (0.2089 - 0.2132)
Texas Cohort - Urban,Urban,36518,756,LightGBM,ROC_AUC,0.6689112026035624,0.6530210530942014,0.6876766226251922,0.6689 (0.6530 - 0.6877)
Texas Cohort - Urban,Urban,36518,756,LightGBM,PR_AUC,0.28523228109954907,0.26348347387578785,0.31216933989017404,0.2852 (0.2635 - 0.3122)
Texas Cohort - Urban,Urban,36518,756,LightGBM,F1_Score,0.3300692573923887,0.3085115737663854,0.34847653627085806,0.3301 (0.3085 - 0.3485)
Texas Cohort - Urban,Urban,36518,756,LightGBM,Accuracy,0.685427847754655,0.6763246166484118,0.6964779572836802,0.6854 (0.6763 - 0.6965)
Texas Cohort - Urban,Urban,36518,756,LightGBM,Precision,0.23884559677479048,0.2208396381189615,0.2545528909612029,0.2388 (0.2208 - 0.2546)
Texas Cohort - Urban,Urban,36518,756,LightGBM,Recall_Sensitivity,0.5343853312085556,0.5051647905869417,0.5638982067173557,0.5344 (0.5052 - 0.5639)
Texas Cohort - Urban,Urban,36518,756,LightGBM,Specificity,0.7110550408703556,0.7003186225054624,0.7238970175978424,0.7111 (0.7003 - 0.7239)
Texas Cohort - Urban,Urban,36518,756,LightGBM,Brier_Score,0.152589984332905,0.14884078338298815,0.1565341436966363,0.1526 (0.1488 - 0.1565)
Texas Cohort - Urban,Urban,36518,756,XGBoost,ROC_AUC,0.6666568191587546,0.6488449604582814,0.685607502197452,0.6667 (0.6488 - 0.6856)
Texas Cohort - Urban,Urban,36518,756,XGBoost,PR_AUC,0.29160298131557816,0.2694394342045804,0.3193680102604937,0.2916 (0.2694 - 0.3194)
Texas Cohort - Urban,Urban,36518,756,XGBoost,F1_Score,0.3257583556480172,0.30448869031638287,0.3454206295493767,0.3258 (0.3045 - 0.3454)
Texas Cohort - Urban,Urban,36518,756,XGBoost,Accuracy,0.7423432365826944,0.7320611993428259,0.7515060240963856,0.7423 (0.7321 - 0.7515)
Texas Cohort - Urban,Urban,36518,756,XGBoost,Precision,0.26257729607272146,0.2415642202428312,0.28002833127450455,0.2626 (0.2416 - 0.2800)
Texas Cohort - Urban,Urban,36518,756,XGBoost,Recall_Sensitivity,0.4292572786317655,0.39979420691796985,0.45589995843148123,0.4293 (0.3998 - 0.4559)
Texas Cohort - Urban,Urban,36518,756,XGBoost,Specificity,0.7954669835632506,0.7859939210030845,0.8058397690040784,0.7955 (0.7860 - 0.8058)
Texas Cohort - Urban,Urban,36518,756,XGBoost,Brier_Score,0.17032321086166222,0.16688223442369984,0.17349965291902467,0.1703 (0.1669 - 0.1735)
Texas Cohort - Urban,Urban,36518,756,CatBoost,ROC_AUC,0.6946610446780228,0.6765017834338135,0.7118708119147488,0.6947 (0.6765 - 0.7119)
Texas Cohort - Urban,Urban,36518,756,CatBoost,PR_AUC,0.3249784926056903,0.29561427665886225,0.3503734564083781,0.3250 (0.2956 - 0.3504)
Texas Cohort - Urban,Urban,36518,756,CatBoost,F1_Score,0.35050102274458167,0.32822152392088083,0.37222918871658,0.3505 (0.3282 - 0.3722)
Texas Cohort - Urban,Urban,36518,756,CatBoost,Accuracy,0.7521358159912376,0.7421823658269441,0.7627361719605695,0.7521 (0.7422 - 0.7627)
Texas Cohort - Urban,Urban,36518,756,CatBoost,Precision,0.28275620755076675,0.2624543029344927,0.3014739112259249,0.2828 (0.2625 - 0.3015)
Texas Cohort - Urban,Urban,36518,756,CatBoost,Recall_Sensitivity,0.46119152820812,0.42909834604690955,0.4858945042603579,0.4612 (0.4291 - 0.4859)
Texas Cohort - Urban,Urban,36518,756,CatBoost,Specificity,0.8015011109003686,0.7919194882128251,0.8109796213093711,0.8015 (0.7919 - 0.8110)
Texas Cohort - Urban,Urban,36518,756,CatBoost,Brier_Score,0.19075195740528175,0.18717212550450862,0.1937950109711266,0.1908 (0.1872 - 0.1938)
Texas Cohort - Urban,Urban,36518,756,Random Forest,ROC_AUC,0.6297940315370804,0.611845106615029,0.6467485971176717,0.6298 (0.6118 - 0.6467)
Texas Cohort - Urban,Urban,36518,756,Random Forest,PR_AUC,0.22775197623421817,0.20941789043947426,0.2496557218260844,0.2278 (0.2094 - 0.2497)
Texas Cohort - Urban,Urban,36518,756,Random Forest,F1_Score,0.29187530590080113,0.27387128960325285,0.3097799264431143,0.2919 (0.2739 - 0.3098)
Texas Cohort - Urban,Urban,36518,756,Random Forest,Accuracy,0.649156626506024,0.6380065717415115,0.6595084884994523,0.6492 (0.6380 - 0.6595)
Texas Cohort - Urban,Urban,36518,756,Random Forest,Precision,0.2063827175561088,0.19162951804177591,0.22281051049498798,0.2064 (0.1916 - 0.2228)
Texas Cohort - Urban,Urban,36518,756,Random Forest,Recall_Sensitivity,0.49861711278517057,0.4657223420688186,0.5262270893371759,0.4986 (0.4657 - 0.5262)
Texas Cohort - Urban,Urban,36518,756,Random Forest,Specificity,0.6747012720773301,0.6626756361794267,0.6867616455402602,0.6747 (0.6627 - 0.6868)
Texas Cohort - Urban,Urban,36518,756,Random Forest,Brier_Score,0.1343946058183334,0.12964124598985124,0.13785345392608617,0.1344 (0.1296 - 0.1379)
Texas Cohort - Urban,Urban,36518,756,Gradient Boosting,ROC_AUC,0.7008500263389479,0.6837518528053621,0.7187110183463925,0.7009 (0.6838 - 0.7187)
Texas Cohort - Urban,Urban,36518,756,Gradient Boosting,PR_AUC,0.32795822105931793,0.2999675988384011,0.3559012510153948,0.3280 (0.3000 - 0.3559)
Texas Cohort - Urban,Urban,36518,756,Gradient Boosting,F1_Score,0.3545945575079223,0.33419200180973724,0.37521113154531427,0.3546 (0.3342 - 0.3752)
Texas Cohort - Urban,Urban,36518,756,Gradient Boosting,Accuracy,0.7565909090909091,0.7472275465498357,0.7654709748083242,0.7566 (0.7472 - 0.7655)
Texas Cohort - Urban,Urban,36518,756,Gradient Boosting,Precision,0.28815624672110135,0.26849683550808645,0.3063151860074841,0.2882 (0.2685 - 0.3063)
Texas Cohort - Urban,Urban,36518,756,Gradient Boosting,Recall_Sensitivity,0.4611267395196025,0.4328296683411265,0.4879412147355891,0.4611 (0.4328 - 0.4879)
Texas Cohort - Urban,Urban,36518,756,Gradient Boosting,Specificity,0.8067220128317959,0.7962378095854337,0.8161641967194443,0.8067 (0.7962 - 0.8162)
Texas Cohort - Urban,Urban,36518,756,Gradient Boosting,Brier_Score,0.19987917729825452,0.19689430930627694,0.20274163531273418,0.1999 (0.1969 - 0.2027)
Texas Cohort - Urban,Urban,36518,756,Logistic Regression,ROC_AUC,0.690079637344643,0.6725661854345977,0.704593746314495,0.6901 (0.6726 - 0.7046)
Texas Cohort - Urban,Urban,36518,756,Logistic Regression,PR_AUC,0.3149940506192463,0.2859196764038863,0.34275716837541764,0.3150 (0.2859 - 0.3428)
Texas Cohort - Urban,Urban,36518,756,Logistic Regression,F1_Score,0.3417576684582893,0.3181155451582995,0.3634256058723007,0.3418 (0.3181 - 0.3634)
Texas Cohort - Urban,Urban,36518,756,Logistic Regression,Accuracy,0.7799979463307777,0.7712178258488499,0.7893311883899233,0.7800 (0.7712 - 0.7893)
Texas Cohort - Urban,Urban,36518,756,Logistic Regression,Precision,0.30193317427458255,0.27907438969233656,0.3229266908056382,0.3019 (0.2791 - 0.3229)
Texas Cohort - Urban,Urban,36518,756,Logistic Regression,Recall_Sensitivity,0.39391269749101115,0.36469235798156036,0.42224764821371796,0.3939 (0.3647 - 0.4222)
Texas Cohort - Urban,Urban,36518,756,Logistic Regression,Specificity,0.8455101254251098,0.8374581787801179,0.852954705025474,0.8455 (0.8375 - 0.8530)
Texas Cohort - Urban,Urban,36518,756,Logistic Regression,Brier_Score,0.21197857475081824,0.2082332087974021,0.21560634468116618,0.2120 (0.2082 - 0.2156)
Texas Cohort - Rural,Rural,25931,756,LightGBM,ROC_AUC,0.679882396316529,0.6624764697212104,0.6990614824526113,0.6799 (0.6625 - 0.6991)
Texas Cohort - Rural,Rural,25931,756,LightGBM,PR_AUC,0.2939069055832963,0.270116511253764,0.3250429015969056,0.2939 (0.2701 - 0.3250)
Texas Cohort - Rural,Rural,25931,756,LightGBM,F1_Score,0.32310946444499644,0.30288889948054465,0.3438088720965565,0.3231 (0.3029 - 0.3438)
Texas Cohort - Rural,Rural,25931,756,LightGBM,Accuracy,0.5657239251976094,0.552332754964334,0.5808897243107769,0.5657 (0.5523 - 0.5809)
Texas Cohort - Rural,Rural,25931,756,LightGBM,Precision,0.21066459549667743,0.19418480263885307,0.2259043649024262,0.2107 (0.1942 - 0.2259)
Texas Cohort - Rural,Rural,25931,756,LightGBM,Recall_Sensitivity,0.6936664736572621,0.6666666666666666,0.7215340633140536,0.6937 (0.6667 - 0.7215)
Texas Cohort - Rural,Rural,25931,756,LightGBM,Specificity,0.5432470824276848,0.5273375866090416,0.5578505253590647,0.5432 (0.5273 - 0.5579)
Texas Cohort - Rural,Rural,25931,756,LightGBM,Brier_Score,0.14563695975251573,0.1405672474019292,0.1514743240638035,0.1456 (0.1406 - 0.1515)
Texas Cohort - Rural,Rural,25931,756,XGBoost,ROC_AUC,0.6920368395458398,0.6749895856770606,0.7124994865048073,0.6920 (0.6750 - 0.7125)
Texas Cohort - Rural,Rural,25931,756,XGBoost,PR_AUC,0.32032575978362254,0.2927363964283355,0.3518568175615697,0.3203 (0.2927 - 0.3519)
Texas Cohort - Rural,Rural,25931,756,XGBoost,F1_Score,0.3538140212684674,0.3275865127500336,0.38024883520204666,0.3538 (0.3276 - 0.3802)
Texas Cohort - Rural,Rural,25931,756,XGBoost,Accuracy,0.7751272411798728,0.7649652978600348,0.7858203200308463,0.7751 (0.7650 - 0.7858)
Texas Cohort - Rural,Rural,25931,756,XGBoost,Precision,0.31015172812703967,0.28285922663816354,0.3363931982828798,0.3102 (0.2829 - 0.3364)
Texas Cohort - Rural,Rural,25931,756,XGBoost,Recall_Sensitivity,0.412153883535284,0.3795482950403066,0.4487925170068027,0.4122 (0.3795 - 0.4488)
Texas Cohort - Rural,Rural,25931,756,XGBoost,Specificity,0.8389189155282675,0.8282017994764894,0.8488932660050963,0.8389 (0.8282 - 0.8489)
Texas Cohort - Rural,Rural,25931,756,XGBoost,Brier_Score,0.16271293790357105,0.15762055344337858,0.16669224596664836,0.1627 (0.1576 - 0.1667)
Texas Cohort - Rural,Rural,25931,756,CatBoost,ROC_AUC,0.7063150279622203,0.6880908054239017,0.7241552448362546,0.7063 (0.6881 - 0.7242)
Texas Cohort - Rural,Rural,25931,756,CatBoost,PR_AUC,0.3406371166026601,0.31121236382459605,0.371673825063234,0.3406 (0.3112 - 0.3717)
Texas Cohort - Rural,Rural,25931,756,CatBoost,F1_Score,0.36616318902084144,0.33694387354167926,0.3886493939672156,0.3662 (0.3369 - 0.3886)
Texas Cohort - Rural,Rural,25931,756,CatBoost,Accuracy,0.7653065355696934,0.7530267977636399,0.7765664160401002,0.7653 (0.7530 - 0.7766)
Texas Cohort - Rural,Rural,25931,756,CatBoost,Precision,0.3070721413186567,0.28180566099658333,0.3310122995615506,0.3071 (0.2818 - 0.3310)
Texas Cohort - Rural,Rural,25931,756,CatBoost,Recall_Sensitivity,0.453819047344199,0.4179228276743337,0.4912540121471058,0.4538 (0.4179 - 0.4913)
Texas Cohort - Rural,Rural,25931,756,CatBoost,Specificity,0.8200578690840817,0.8076278320630604,0.8316459490193021,0.8201 (0.8076 - 0.8316)
Texas Cohort - Rural,Rural,25931,756,CatBoost,Brier_Score,0.18500138214619524,0.18089221618678694,0.18954154443170898,0.1850 (0.1809 - 0.1895)
Texas Cohort - Rural,Rural,25931,756,Random Forest,ROC_AUC,0.6681618541616112,0.650403912357036,0.6871686497977589,0.6682 (0.6504 - 0.6872)
Texas Cohort - Rural,Rural,25931,756,Random Forest,PR_AUC,0.2723792901747176,0.2494643330198939,0.30140012471981403,0.2724 (0.2495 - 0.3014)
Texas Cohort - Rural,Rural,25931,756,Random Forest,F1_Score,0.32445216195436416,0.3052230411041969,0.34389805809034685,0.3245 (0.3052 - 0.3439)
Texas Cohort - Rural,Rural,25931,756,Random Forest,Accuracy,0.6095083863504915,0.5964864083285135,0.6227154424522846,0.6095 (0.5965 - 0.6227)
Texas Cohort - Rural,Rural,25931,756,Random Forest,Precision,0.218838936015295,0.20288586683741522,0.234122097866359,0.2188 (0.2029 - 0.2341)
Texas Cohort - Rural,Rural,25931,756,Random Forest,Recall_Sensitivity,0.6276306131191042,0.5947467678435154,0.6612444454020941,0.6276 (0.5947 - 0.6612)
Texas Cohort - Rural,Rural,25931,756,Random Forest,Specificity,0.6063244485879897,0.5928708949050879,0.6199551350708885,0.6063 (0.5929 - 0.6200)
Texas Cohort - Rural,Rural,25931,756,Random Forest,Brier_Score,0.13171312390408066,0.12704833648408245,0.13654404905254725,0.1317 (0.1270 - 0.1365)
Texas Cohort - Rural,Rural,25931,756,Gradient Boosting,ROC_AUC,0.7185572344956453,0.7003930596763291,0.7386860439613234,0.7186 (0.7004 - 0.7387)
Texas Cohort - Rural,Rural,25931,756,Gradient Boosting,PR_AUC,0.3376431716419356,0.3055547507689726,0.37105116393427007,0.3376 (0.3056 - 0.3711)
Texas Cohort - Rural,Rural,25931,756,Gradient Boosting,F1_Score,0.37387840335273276,0.34928487471282793,0.39955187271350867,0.3739 (0.3493 - 0.3996)
Texas Cohort - Rural,Rural,25931,756,Gradient Boosting,Accuracy,0.7291844997108156,0.7154376325428956,0.7401532677848467,0.7292 (0.7154 - 0.7402)
Texas Cohort - Rural,Rural,25931,756,Gradient Boosting,Precision,0.28570438079049226,0.2646567637604006,0.30900144059866425,0.2857 (0.2647 - 0.3090)
Texas Cohort - Rural,Rural,25931,756,Gradient Boosting,Recall_Sensitivity,0.5412386186160306,0.5088273670123787,0.5772368463446854,0.5412 (0.5088 - 0.5772)
Texas Cohort - Rural,Rural,25931,756,Gradient Boosting,Specificity,0.7622246846182762,0.747689868158797,0.7748581867945528,0.7622 (0.7477 - 0.7749)
Texas Cohort - Rural,Rural,25931,756,Gradient Boosting,Brier_Score,0.19461587596176283,0.1907556453237697,0.19924876649996662,0.1946 (0.1908 - 0.1992)
Texas Cohort - Rural,Rural,25931,756,Logistic Regression,ROC_AUC,0.706185321277122,0.688600238235376,0.7238528857839197,0.7062 (0.6886 - 0.7239)
Texas Cohort - Rural,Rural,25931,756,Logistic Regression,PR_AUC,0.33081243247804815,0.30441200875042634,0.36511490580149447,0.3308 (0.3044 - 0.3651)
Texas Cohort - Rural,Rural,25931,756,Logistic Regression,F1_Score,0.3703685383773442,0.34762985595809687,0.3932115567904625,0.3704 (0.3476 - 0.3932)
Texas Cohort - Rural,Rural,25931,756,Logistic Regression,Accuracy,0.7102496626180838,0.6982793522267207,0.7212406015037595,0.7102 (0.6983 - 0.7212)
Texas Cohort - Rural,Rural,25931,756,Logistic Regression,Precision,0.27430743145676745,0.25698474618654665,0.29454545454545455,0.2743 (0.2570 - 0.2945)
Texas Cohort - Rural,Rural,25931,756,Logistic Regression,Recall_Sensitivity,0.570460067544937,0.5374609867591424,0.6018165346967402,0.5705 (0.5375 - 0.6018)
Texas Cohort - Rural,Rural,25931,756,Logistic Regression,Specificity,0.7348320355633419,0.7233020812537663,0.7460946008277601,0.7348 (0.7233 - 0.7461)
Texas Cohort - Rural,Rural,25931,756,Logistic Regression,Brier_Score,0.21099593158178528,0.2062340930766218,0.21566583417427002,0.2110 (0.2062 - 0.2157)
