Cohort,Cohort Size,Num Features,Model,Metric,Mean,CI_Lower,CI_Upper,Formatted
Nationwide Cohort,339308,2075,Standard MLP,ROC_AUC,0.7054195713867554,0.6975845658837345,0.7115307866938574,0.7054 (0.6976 - 0.7115)
Nationwide Cohort,339308,2075,Standard MLP,PR_AUC,0.2888201967347811,0.2798796557493274,0.2971457993697799,0.2888 (0.2799 - 0.2971)
Nationwide Cohort,339308,2075,Standard MLP,F1_Score,0.32482917586350835,0.3188791564876637,0.33115902671737024,0.3248 (0.3189 - 0.3312)
Nationwide Cohort,339308,2075,Standard MLP,Accuracy,0.6575144410715865,0.6538559871503935,0.6605681382806283,0.6575 (0.6539 - 0.6606)
Nationwide Cohort,339308,2075,Standard MLP,Precision,0.21791624606617493,0.21337829342227405,0.222549797649055,0.2179 (0.2134 - 0.2225)
Nationwide Cohort,339308,2075,Standard MLP,Recall_Sensitivity,0.6377224598173252,0.628204483401015,0.6476552145955258,0.6377 (0.6282 - 0.6477)
Nationwide Cohort,339308,2075,Standard MLP,Specificity,0.6604497641346798,0.6567171618935389,0.6635884559704579,0.6604 (0.6567 - 0.6636)
Nationwide Cohort,339308,2075,Standard MLP,Brier_Score,0.20754670130306685,0.20624668681052705,0.2088877222255954,0.2075 (0.2062 - 0.2089)
Nationwide Cohort,339308,2075,Standard Transformer,ROC_AUC,0.5634319730303493,0.5580395160379024,0.5693700685364931,0.5634 (0.5580 - 0.5694)
Nationwide Cohort,339308,2075,Standard Transformer,PR_AUC,0.15583407093867863,0.15212477499449706,0.16015894112171827,0.1558 (0.1521 - 0.1602)
Nationwide Cohort,339308,2075,Standard Transformer,F1_Score,0.15491909441084936,0.1472663373632499,0.16280679198895148,0.1549 (0.1473 - 0.1628)
Nationwide Cohort,339308,2075,Standard Transformer,Accuracy,0.8110064542748517,0.8081072617959978,0.8139179511361292,0.8110 (0.8081 - 0.8139)
Nationwide Cohort,339308,2075,Standard Transformer,Precision,0.1834169057902198,0.17381821337360828,0.19252418456831938,0.1834 (0.1738 - 0.1925)
Nationwide Cohort,339308,2075,Standard Transformer,Recall_Sensitivity,0.1340967660623751,0.12743584261923774,0.14165310409634063,0.1341 (0.1274 - 0.1417)
Nationwide Cohort,339308,2075,Standard Transformer,Specificity,0.9114302723253604,0.909002832707318,0.9134611599855067,0.9114 (0.9090 - 0.9135)
Nationwide Cohort,339308,2075,Standard Transformer,Brier_Score,0.2287425363944724,0.22834936987638818,0.22921234540791377,0.2287 (0.2283 - 0.2292)
Nationwide Cohort,339308,2075,SAINT Transformer,ROC_AUC,0.566131677818522,0.5599935040948999,0.5720569454813942,0.5661 (0.5600 - 0.5721)
Nationwide Cohort,339308,2075,SAINT Transformer,PR_AUC,0.15757790728384063,0.15304074133512968,0.16190385642292376,0.1576 (0.1530 - 0.1619)
Nationwide Cohort,339308,2075,SAINT Transformer,F1_Score,0.24004742749942484,0.2364555878790343,0.243764413985439,0.2400 (0.2365 - 0.2438)
Nationwide Cohort,339308,2075,SAINT Transformer,Accuracy,0.2865260381362176,0.2837600571748548,0.2896470042144352,0.2865 (0.2838 - 0.2896)
Nationwide Cohort,339308,2075,SAINT Transformer,Precision,0.139176270955021,0.13676973975399775,0.1414864548053946,0.1392 (0.1368 - 0.1415)
Nationwide Cohort,339308,2075,SAINT Transformer,Recall_Sensitivity,0.8722385401556794,0.8646067322770338,0.8796300620320351,0.8722 (0.8646 - 0.8796)
Nationwide Cohort,339308,2075,SAINT Transformer,Specificity,0.19963186957716006,0.19668227898396456,0.203101649796422,0.1996 (0.1967 - 0.2031)
Nationwide Cohort,339308,2075,SAINT Transformer,Brier_Score,0.2803524125715575,0.2798084045202843,0.28093220383920864,0.2804 (0.2798 - 0.2809)
Nationwide Cohort,339308,2075,HIR-M3 Transformer,ROC_AUC,0.568067929929124,0.5621589057092697,0.5742244124018753,0.5681 (0.5622 - 0.5742)
Nationwide Cohort,339308,2075,HIR-M3 Transformer,PR_AUC,0.1570488759387394,0.15258994084931693,0.1610028486871123,0.1570 (0.1526 - 0.1610)
Nationwide Cohort,339308,2075,HIR-M3 Transformer,F1_Score,0.24015573545381463,0.23638921223641518,0.24423597259072205,0.2402 (0.2364 - 0.2442)
Nationwide Cohort,339308,2075,HIR-M3 Transformer,Accuracy,0.3160387993280481,0.31243884648256753,0.3190905808847367,0.3160 (0.3124 - 0.3191)
Nationwide Cohort,339308,2075,HIR-M3 Transformer,Precision,0.14020107439245724,0.13768969412556392,0.14282698872948518,0.1402 (0.1377 - 0.1428)
Nationwide Cohort,339308,2075,HIR-M3 Transformer,Recall_Sensitivity,0.8366548719232635,0.8288218795175689,0.8449182902753994,0.8367 (0.8288 - 0.8449)
Nationwide Cohort,339308,2075,HIR-M3 Transformer,Specificity,0.2388017505289661,0.2351667529774394,0.2426300369251273,0.2388 (0.2352 - 0.2426)
Nationwide Cohort,339308,2075,HIR-M3 Transformer,Brier_Score,0.24845463845337462,0.248133858022387,0.24884936363275117,0.2485 (0.2481 - 0.2488)
Texas Cohort,62449,756,Standard MLP,ROC_AUC,0.6926761091950857,0.6810554527899312,0.7053866027084028,0.6927 (0.6811 - 0.7054)
Texas Cohort,62449,756,Standard MLP,PR_AUC,0.31177210009062856,0.29137864924380735,0.3334636122752512,0.3118 (0.2914 - 0.3335)
Texas Cohort,62449,756,Standard MLP,F1_Score,0.3416228307695743,0.3278306851000276,0.3563323315001919,0.3416 (0.3278 - 0.3563)
Texas Cohort,62449,756,Standard MLP,Accuracy,0.6491833466773419,0.6405064051240993,0.656136909527622,0.6492 (0.6405 - 0.6561)
Texas Cohort,62449,756,Standard MLP,Precision,0.23600973184487856,0.2244801796261489,0.24792366584365538,0.2360 (0.2245 - 0.2479)
Texas Cohort,62449,756,Standard MLP,Recall_Sensitivity,0.6185432917461735,0.5971816018491576,0.6395502489477148,0.6185 (0.5972 - 0.6396)
Texas Cohort,62449,756,Standard MLP,Specificity,0.6544726096821074,0.6453591676850414,0.6627441308149729,0.6545 (0.6454 - 0.6627)
Texas Cohort,62449,756,Standard MLP,Brier_Score,0.2189620015869837,0.2160844225838763,0.2214517246931107,0.2190 (0.2161 - 0.2215)
Texas Cohort,62449,756,Standard Transformer,ROC_AUC,0.6558588862909721,0.6430814730671883,0.669394070837162,0.6559 (0.6431 - 0.6694)
Texas Cohort,62449,756,Standard Transformer,PR_AUC,0.27854590858915573,0.2594705154474443,0.30075827090232626,0.2785 (0.2595 - 0.3008)
Texas Cohort,62449,756,Standard Transformer,F1_Score,0.31755990384959093,0.30387880581948457,0.33406527412876,0.3176 (0.3039 - 0.3341)
Texas Cohort,62449,756,Standard Transformer,Accuracy,0.678828262610088,0.6709307445956766,0.6862349879903923,0.6788 (0.6709 - 0.6862)
Texas Cohort,62449,756,Standard Transformer,Precision,0.23104446768555184,0.21974378179383147,0.24547732060519625,0.2310 (0.2197 - 0.2455)
Texas Cohort,62449,756,Standard Transformer,Recall_Sensitivity,0.507833388676596,0.48343088975313203,0.5300677797450942,0.5078 (0.4834 - 0.5301)
Texas Cohort,62449,756,Standard Transformer,Specificity,0.7083338061033575,0.7007685064784216,0.7162821240132528,0.7083 (0.7008 - 0.7163)
Texas Cohort,62449,756,Standard Transformer,Brier_Score,0.22331874343684785,0.22160316708889558,0.22496954264882088,0.2233 (0.2216 - 0.2250)
Texas Cohort,62449,756,SAINT Transformer,ROC_AUC,0.6475309623587817,0.6331814962307815,0.6602609409544802,0.6475 (0.6332 - 0.6603)
Texas Cohort,62449,756,SAINT Transformer,PR_AUC,0.27388735608651776,0.25488947235607246,0.2947372507198188,0.2739 (0.2549 - 0.2947)
Texas Cohort,62449,756,SAINT Transformer,F1_Score,0.26160118014370304,0.2532153092014874,0.27211127565699694,0.2616 (0.2532 - 0.2721)
Texas Cohort,62449,756,SAINT Transformer,Accuracy,0.17847838270616492,0.17157526020816652,0.18518815052041634,0.1785 (0.1716 - 0.1852)
Texas Cohort,62449,756,SAINT Transformer,Precision,0.15074776980077975,0.1452244208377475,0.15773322148435656,0.1507 (0.1452 - 0.1577)
Texas Cohort,62449,756,SAINT Transformer,Recall_Sensitivity,0.9888954718146615,0.9843408294903975,0.9936025222420568,0.9889 (0.9843 - 0.9936)
Texas Cohort,62449,756,SAINT Transformer,Specificity,0.03862996598058917,0.035190274047575285,0.042098272388752946,0.0386 (0.0352 - 0.0421)
Texas Cohort,62449,756,SAINT Transformer,Brier_Score,0.4502784857033613,0.4463821266219849,0.45386071352413565,0.4503 (0.4464 - 0.4539)
Texas Cohort,62449,756,HIR-M3 Transformer,ROC_AUC,0.6578649453653606,0.6446665965773125,0.6714055428159481,0.6579 (0.6447 - 0.6714)
Texas Cohort,62449,756,HIR-M3 Transformer,PR_AUC,0.2800506890430401,0.2601130421659234,0.3010125758095801,0.2801 (0.2601 - 0.3010)
Texas Cohort,62449,756,HIR-M3 Transformer,F1_Score,0.32103792774960593,0.306688515135838,0.33941939244263003,0.3210 (0.3067 - 0.3394)
Texas Cohort,62449,756,HIR-M3 Transformer,Accuracy,0.6808678943154525,0.6736489191353082,0.6888430744595676,0.6809 (0.6736 - 0.6888)
Texas Cohort,62449,756,HIR-M3 Transformer,Precision,0.23370960505016464,0.22239365290948232,0.24729667635574912,0.2337 (0.2224 - 0.2473)
Texas Cohort,62449,756,HIR-M3 Transformer,Recall_Sensitivity,0.5127466936028996,0.490572358229809,0.5372396838142512,0.5127 (0.4906 - 0.5372)
Texas Cohort,62449,756,HIR-M3 Transformer,Specificity,0.7098780844184935,0.7026312220386469,0.7197504476613173,0.7099 (0.7026 - 0.7198)
Texas Cohort,62449,756,HIR-M3 Transformer,Brier_Score,0.22440680236389807,0.22230743656391136,0.2262874059787996,0.2244 (0.2223 - 0.2263)
