Cohort,Subgroup,Cohort Size,Num Features,Model,Accuracy_Formatted,Brier_Score_Formatted,F1_Score_Formatted,PR_AUC_Formatted,Precision_Formatted,ROC_AUC_Formatted,Recall_Sensitivity_Formatted,Specificity_Formatted
Nationwide Cohort,D,40643,2077,CatBoost,0.7220 (0.7121 - 0.7321),0.1824 (0.1785 - 0.1860),0.5365 (0.5209 - 0.5548),0.5336 (0.5115 - 0.5561),0.4420 (0.4241 - 0.4627),0.7881 (0.7783 - 0.7979),0.6825 (0.6627 - 0.7041),0.7342 (0.7242 - 0.7461)
Nationwide Cohort,D,40643,2077,Gradient Boosting,0.7131 (0.7040 - 0.7245),0.1903 (0.1875 - 0.1934),0.5295 (0.5121 - 0.5482),0.5152 (0.4902 - 0.5365),0.4316 (0.4132 - 0.4503),0.7781 (0.7679 - 0.7881),0.6850 (0.6639 - 0.7078),0.7217 (0.7113 - 0.7329)
Nationwide Cohort,D,40643,2077,HIR-M3 Transformer,0.4893 (0.4793 - 0.4983),0.2519 (0.2506 - 0.2531),0.3906 (0.3768 - 0.4054),0.2961 (0.2803 - 0.3131),0.2717 (0.2598 - 0.2839),0.5892 (0.5751 - 0.6036),0.6943 (0.6747 - 0.7125),0.4260 (0.4149 - 0.4369)
Nationwide Cohort,D,40643,2077,LightGBM,0.6934 (0.6847 - 0.7037),0.1659 (0.1622 - 0.1697),0.5235 (0.5073 - 0.5414),0.5131 (0.4917 - 0.5335),0.4131 (0.3965 - 0.4310),0.7759 (0.7667 - 0.7863),0.7145 (0.6963 - 0.7365),0.6868 (0.6760 - 0.7004)
Nationwide Cohort,D,40643,2077,Logistic Regression,0.6919 (0.6832 - 0.7023),0.2042 (0.1994 - 0.2091),0.4883 (0.4706 - 0.5051),0.4650 (0.4408 - 0.4875),0.4013 (0.3839 - 0.4188),0.7271 (0.7144 - 0.7415),0.6237 (0.5993 - 0.6447),0.7129 (0.7030 - 0.7231)
Nationwide Cohort,D,40643,2077,Random Forest,0.6451 (0.6354 - 0.6547),0.1667 (0.1639 - 0.1696),0.4818 (0.4671 - 0.4985),0.4379 (0.4159 - 0.4609),0.3674 (0.3529 - 0.3852),0.7270 (0.7168 - 0.7387),0.6998 (0.6834 - 0.7197),0.6283 (0.6161 - 0.6395)
Nationwide Cohort,D,40643,2077,Standard MLP,0.6724 (0.6639 - 0.6820),0.2077 (0.2024 - 0.2124),0.4810 (0.4638 - 0.4985),0.4502 (0.4266 - 0.4729),0.3839 (0.3660 - 0.4010),0.7195 (0.7080 - 0.7344),0.6441 (0.6228 - 0.6676),0.6811 (0.6691 - 0.6924)
Nationwide Cohort,D,40643,2077,Standard Transformer,0.7377 (0.7267 - 0.7472),0.2377 (0.2373 - 0.2382),0.1321 (0.1166 - 0.1515),0.2801 (0.2647 - 0.2960),0.3004 (0.2676 - 0.3361),0.5641 (0.5503 - 0.5771),0.0847 (0.0741 - 0.0982),0.9392 (0.9337 - 0.9447)
Nationwide Cohort,D,40643,2077,XGBoost,0.7066 (0.6982 - 0.7178),0.1757 (0.1717 - 0.1792),0.5319 (0.5161 - 0.5495),0.5223 (0.5015 - 0.5462),0.4263 (0.4107 - 0.4449),0.7813 (0.7715 - 0.7917),0.7071 (0.6886 - 0.7287),0.7065 (0.6954 - 0.7195)
Nationwide Cohort,D + HF,14596,2077,CatBoost,0.6538 (0.6356 - 0.6709),0.2062 (0.1992 - 0.2131),0.6746 (0.6549 - 0.6956),0.6335 (0.6025 - 0.6639),0.5557 (0.5313 - 0.5819),0.7373 (0.7179 - 0.7540),0.8587 (0.8396 - 0.8787),0.5066 (0.4834 - 0.5309)
Nationwide Cohort,D + HF,14596,2077,Gradient Boosting,0.6484 (0.6332 - 0.6671),0.2097 (0.2047 - 0.2149),0.6579 (0.6396 - 0.6781),0.6263 (0.6004 - 0.6582),0.5546 (0.5313 - 0.5824),0.7310 (0.7107 - 0.7479),0.8086 (0.7890 - 0.8291),0.5333 (0.5110 - 0.5596)
Nationwide Cohort,D + HF,14596,2077,HIR-M3 Transformer,0.5823 (0.5640 - 0.6003),0.2536 (0.2528 - 0.2544),0.0701 (0.0505 - 0.0906),0.4714 (0.4465 - 0.4965),0.5065 (0.4102 - 0.6079),0.5513 (0.5272 - 0.5717),0.0377 (0.0269 - 0.0492),0.9737 (0.9655 - 0.9812)
Nationwide Cohort,D + HF,14596,2077,LightGBM,0.6245 (0.6051 - 0.6425),0.2167 (0.2088 - 0.2263),0.6577 (0.6382 - 0.6801),0.6238 (0.5936 - 0.6532),0.5314 (0.5095 - 0.5550),0.7273 (0.7081 - 0.7442),0.8630 (0.8426 - 0.8847),0.4532 (0.4309 - 0.4789)
Nationwide Cohort,D + HF,14596,2077,Logistic Regression,0.5193 (0.5037 - 0.5339),0.2589 (0.2484 - 0.2691),0.6136 (0.5959 - 0.6299),0.5524 (0.5222 - 0.5790),0.4621 (0.4435 - 0.4802),0.6627 (0.6430 - 0.6825),0.9128 (0.8969 - 0.9279),0.2365 (0.2190 - 0.2551)
Nationwide Cohort,D + HF,14596,2077,Random Forest,0.6076 (0.5873 - 0.6264),0.2207 (0.2167 - 0.2255),0.6280 (0.6065 - 0.6483),0.5723 (0.5393 - 0.6000),0.5202 (0.4963 - 0.5429),0.6802 (0.6596 - 0.6964),0.7924 (0.7701 - 0.8148),0.4748 (0.4492 - 0.4965)
Nationwide Cohort,D + HF,14596,2077,SAINT Transformer,0.5148 (0.4928 - 0.5315),0.2733 (0.2630 - 0.2832),0.5371 (0.5150 - 0.5568),0.4781 (0.4534 - 0.5027),0.4468 (0.4251 - 0.4683),0.5631 (0.5390 - 0.5837),0.6734 (0.6422 - 0.6979),0.4008 (0.3760 - 0.4216)
Nationwide Cohort,D + HF,14596,2077,Standard MLP,0.5656 (0.5503 - 0.5836),0.2830 (0.2713 - 0.2977),0.6201 (0.6033 - 0.6379),0.5533 (0.5212 - 0.5788),0.4888 (0.4708 - 0.5084),0.6586 (0.6369 - 0.6770),0.8480 (0.8287 - 0.8668),0.3627 (0.3415 - 0.3845)
Nationwide Cohort,D + HF,14596,2077,Standard Transformer,0.5621 (0.5411 - 0.5775),0.2485 (0.2456 - 0.2523),0.5118 (0.4895 - 0.5325),0.5003 (0.4741 - 0.5265),0.4794 (0.4527 - 0.5039),0.5834 (0.5567 - 0.6060),0.5491 (0.5231 - 0.5756),0.5714 (0.5434 - 0.5930)
Nationwide Cohort,D + HF,14596,2077,XGBoost,0.6486 (0.6322 - 0.6661),0.2116 (0.2046 - 0.2189),0.6630 (0.6443 - 0.6814),0.6129 (0.5814 - 0.6379),0.5534 (0.5323 - 0.5767),0.7241 (0.7044 - 0.7418),0.8270 (0.8021 - 0.8455),0.5203 (0.4956 - 0.5438)
Nationwide Cohort,D + HF + Hyp,11517,2077,CatBoost,0.6490 (0.6311 - 0.6706),0.2043 (0.1960 - 0.2119),0.6776 (0.6572 - 0.6974),0.6446 (0.6110 - 0.6766),0.5594 (0.5379 - 0.5854),0.7418 (0.7210 - 0.7638),0.8595 (0.8368 - 0.8817),0.4908 (0.4636 - 0.5212)
Nationwide Cohort,D + HF + Hyp,11517,2077,Gradient Boosting,0.6551 (0.6363 - 0.6767),0.2075 (0.1999 - 0.2137),0.6830 (0.6642 - 0.7042),0.6262 (0.5943 - 0.6587),0.5640 (0.5405 - 0.5890),0.7308 (0.7088 - 0.7546),0.8658 (0.8439 - 0.8863),0.4966 (0.4733 - 0.5249)
Nationwide Cohort,D + HF + Hyp,11517,2077,HIR-M3 Transformer,0.4297 (0.4110 - 0.4488),0.2509 (0.2489 - 0.2535),0.5973 (0.5788 - 0.6159),0.4830 (0.4557 - 0.5110),0.4286 (0.4105 - 0.4482),0.5619 (0.5391 - 0.5850),0.9857 (0.9776 - 0.9928),0.0115 (0.0062 - 0.0173)
Nationwide Cohort,D + HF + Hyp,11517,2077,LightGBM,0.6284 (0.6085 - 0.6454),0.2159 (0.2036 - 0.2272),0.6724 (0.6509 - 0.6909),0.6386 (0.6057 - 0.6685),0.5409 (0.5166 - 0.5655),0.7375 (0.7174 - 0.7610),0.8888 (0.8696 - 0.9076),0.4326 (0.4093 - 0.4595)
Nationwide Cohort,D + HF + Hyp,11517,2077,Logistic Regression,0.5514 (0.5334 - 0.5725),0.2630 (0.2507 - 0.2756),0.6189 (0.5998 - 0.6408),0.5661 (0.5330 - 0.5957),0.4871 (0.4658 - 0.5120),0.6605 (0.6366 - 0.6833),0.8488 (0.8296 - 0.8712),0.3277 (0.3032 - 0.3541)
Nationwide Cohort,D + HF + Hyp,11517,2077,Random Forest,0.6161 (0.5968 - 0.6385),0.2181 (0.2126 - 0.2227),0.6543 (0.6341 - 0.6773),0.5925 (0.5605 - 0.6272),0.5333 (0.5077 - 0.5582),0.6993 (0.6781 - 0.7219),0.8466 (0.8252 - 0.8670),0.4428 (0.4186 - 0.4714)
Nationwide Cohort,D + HF + Hyp,11517,2077,SAINT Transformer,0.4307 (0.4132 - 0.4505),0.2440 (0.2405 - 0.2472),0.5983 (0.5811 - 0.6179),0.4865 (0.4568 - 0.5180),0.4291 (0.4113 - 0.4493),0.5552 (0.5332 - 0.5764),0.9878 (0.9811 - 0.9933),0.0115 (0.0069 - 0.0181)
Nationwide Cohort,D + HF + Hyp,11517,2077,Standard MLP,0.5080 (0.4887 - 0.5304),0.2512 (0.2405 - 0.2648),0.6212 (0.6010 - 0.6416),0.5752 (0.5384 - 0.6099),0.4640 (0.4431 - 0.4872),0.6682 (0.6401 - 0.6906),0.9401 (0.9266 - 0.9539),0.1830 (0.1648 - 0.2033)
Nationwide Cohort,D + HF + Hyp,11517,2077,Standard Transformer,0.4311 (0.4136 - 0.4510),0.2476 (0.2469 - 0.2483),0.6014 (0.5831 - 0.6205),0.4780 (0.4476 - 0.5065),0.4300 (0.4116 - 0.4498),0.5575 (0.5337 - 0.5764),1.0000 (1.0000 - 1.0000),0.0031 (0.0000 - 0.0061)
Nationwide Cohort,D + HF + Hyp,11517,2077,XGBoost,0.6467 (0.6276 - 0.6684),0.2102 (0.2012 - 0.2197),0.6777 (0.6575 - 0.6979),0.6336 (0.6007 - 0.6650),0.5570 (0.5358 - 0.5837),0.7293 (0.7071 - 0.7517),0.8656 (0.8442 - 0.8838),0.4821 (0.4555 - 0.5083)
Nationwide Cohort,D + Hyp,30493,2077,CatBoost,0.7063 (0.6953 - 0.7170),0.1880 (0.1836 - 0.1925),0.5954 (0.5759 - 0.6109),0.6073 (0.5843 - 0.6279),0.5281 (0.5062 - 0.5473),0.7816 (0.7696 - 0.7933),0.6826 (0.6617 - 0.7033),0.7173 (0.7038 - 0.7295)
Nationwide Cohort,D + Hyp,30493,2077,Gradient Boosting,0.6228 (0.6107 - 0.6342),0.1986 (0.1951 - 0.2016),0.5867 (0.5688 - 0.6033),0.5834 (0.5581 - 0.6060),0.4492 (0.4311 - 0.4664),0.7658 (0.7547 - 0.7780),0.8458 (0.8301 - 0.8627),0.5194 (0.5036 - 0.5348)
Nationwide Cohort,D + Hyp,30493,2077,HIR-M3 Transformer,0.3181 (0.3063 - 0.3299),0.2495 (0.2476 - 0.2517),0.4810 (0.4672 - 0.4940),0.3674 (0.3452 - 0.3855),0.3169 (0.3051 - 0.3282),0.5649 (0.5462 - 0.5813),0.9980 (0.9962 - 0.9995),0.0031 (0.0017 - 0.0047)
Nationwide Cohort,D + Hyp,30493,2077,LightGBM,0.6586 (0.6455 - 0.6693),0.1857 (0.1810 - 0.1913),0.5958 (0.5765 - 0.6105),0.5825 (0.5590 - 0.6069),0.4766 (0.4561 - 0.4946),0.7661 (0.7544 - 0.7771),0.7947 (0.7787 - 0.8120),0.5955 (0.5790 - 0.6106)
Nationwide Cohort,D + Hyp,30493,2077,Logistic Regression,0.6563 (0.6455 - 0.6673),0.2184 (0.2126 - 0.2236),0.5548 (0.5382 - 0.5698),0.5237 (0.5012 - 0.5506),0.4703 (0.4498 - 0.4863),0.7211 (0.7088 - 0.7333),0.6765 (0.6593 - 0.6979),0.6469 (0.6329 - 0.6607)
Nationwide Cohort,D + Hyp,30493,2077,Random Forest,0.6045 (0.5927 - 0.6175),0.1952 (0.1915 - 0.1986),0.5572 (0.5409 - 0.5736),0.5156 (0.4923 - 0.5386),0.4316 (0.4159 - 0.4473),0.7151 (0.7017 - 0.7293),0.7858 (0.7676 - 0.8030),0.5206 (0.5059 - 0.5373)
Nationwide Cohort,D + Hyp,30493,2077,SAINT Transformer,0.3170 (0.3058 - 0.3278),0.3477 (0.3437 - 0.3523),0.4808 (0.4674 - 0.4932),0.3605 (0.3374 - 0.3780),0.3166 (0.3052 - 0.3275),0.5558 (0.5394 - 0.5696),0.9990 (0.9974 - 1.0000),0.0010 (0.0002 - 0.0022)
Nationwide Cohort,D + Hyp,30493,2077,Standard MLP,0.6005 (0.5888 - 0.6116),0.2312 (0.2250 - 0.2369),0.5489 (0.5311 - 0.5631),0.5145 (0.4923 - 0.5384),0.4272 (0.4092 - 0.4411),0.7081 (0.6942 - 0.7203),0.7677 (0.7514 - 0.7847),0.5230 (0.5097 - 0.5378)
Nationwide Cohort,D + Hyp,30493,2077,Standard Transformer,0.3275 (0.3158 - 0.3394),0.2399 (0.2383 - 0.2415),0.4829 (0.4695 - 0.4958),0.3644 (0.3430 - 0.3820),0.3192 (0.3077 - 0.3305),0.5629 (0.5443 - 0.5793),0.9918 (0.9880 - 0.9954),0.0197 (0.0155 - 0.0240)
Nationwide Cohort,D + Hyp,30493,2077,XGBoost,0.6692 (0.6563 - 0.6796),0.1870 (0.1825 - 0.1917),0.6007 (0.5834 - 0.6148),0.5952 (0.5731 - 0.6149),0.4862 (0.4662 - 0.5029),0.7732 (0.7620 - 0.7838),0.7857 (0.7678 - 0.8042),0.6152 (0.6009 - 0.6292)
Nationwide Cohort,HF,31542,2077,CatBoost,0.6903 (0.6784 - 0.7012),0.1875 (0.1825 - 0.1921),0.6217 (0.6037 - 0.6356),0.6007 (0.5753 - 0.6261),0.5088 (0.4885 - 0.5267),0.7847 (0.7738 - 0.7963),0.7990 (0.7840 - 0.8154),0.6396 (0.6248 - 0.6516)
Nationwide Cohort,HF,31542,2077,Gradient Boosting,0.6907 (0.6787 - 0.7008),0.1933 (0.1895 - 0.1968),0.6205 (0.6016 - 0.6352),0.5756 (0.5511 - 0.6000),0.5093 (0.4878 - 0.5279),0.7776 (0.7658 - 0.7887),0.7940 (0.7777 - 0.8143),0.6425 (0.6264 - 0.6554)
Nationwide Cohort,HF,31542,2077,HIR-M3 Transformer,0.3185 (0.3069 - 0.3303),0.2418 (0.2412 - 0.2424),0.4831 (0.4696 - 0.4966),0.3868 (0.3676 - 0.4038),0.3185 (0.3069 - 0.3303),0.5866 (0.5701 - 0.5994),1.0000 (1.0000 - 1.0000),0.0000 (0.0000 - 0.0000)
Nationwide Cohort,HF,31542,2077,LightGBM,0.6705 (0.6572 - 0.6824),0.1828 (0.1772 - 0.1873),0.6112 (0.5908 - 0.6281),0.5847 (0.5618 - 0.6119),0.4896 (0.4689 - 0.5089),0.7764 (0.7651 - 0.7886),0.8134 (0.7974 - 0.8285),0.6038 (0.5905 - 0.6182)
Nationwide Cohort,HF,31542,2077,Logistic Regression,0.6249 (0.6150 - 0.6367),0.2201 (0.2143 - 0.2261),0.5570 (0.5419 - 0.5726),0.5169 (0.4902 - 0.5406),0.4464 (0.4292 - 0.4651),0.7132 (0.6997 - 0.7269),0.7407 (0.7254 - 0.7598),0.5708 (0.5580 - 0.5853)
Nationwide Cohort,HF,31542,2077,Random Forest,0.6280 (0.6171 - 0.6416),0.1912 (0.1884 - 0.1941),0.5760 (0.5577 - 0.5906),0.5445 (0.5169 - 0.5717),0.4521 (0.4326 - 0.4681),0.7386 (0.7267 - 0.7516),0.7937 (0.7789 - 0.8112),0.5506 (0.5379 - 0.5663)
Nationwide Cohort,HF,31542,2077,SAINT Transformer,0.6802 (0.6684 - 0.6916),0.2288 (0.2224 - 0.2357),0.0411 (0.0291 - 0.0545),0.3793 (0.3614 - 0.3973),0.4546 (0.3613 - 0.5449),0.5736 (0.5584 - 0.5871),0.0216 (0.0152 - 0.0287),0.9879 (0.9845 - 0.9910)
Nationwide Cohort,HF,31542,2077,Standard MLP,0.6321 (0.6218 - 0.6431),0.2284 (0.2224 - 0.2334),0.5465 (0.5300 - 0.5643),0.5081 (0.4865 - 0.5326),0.4499 (0.4306 - 0.4716),0.7068 (0.6955 - 0.7212),0.6961 (0.6810 - 0.7166),0.6022 (0.5884 - 0.6159)
Nationwide Cohort,HF,31542,2077,Standard Transformer,0.6007 (0.5898 - 0.6147),0.2391 (0.2382 - 0.2400),0.4383 (0.4194 - 0.4580),0.3900 (0.3707 - 0.4095),0.3970 (0.3775 - 0.4156),0.5877 (0.5717 - 0.6053),0.4893 (0.4703 - 0.5116),0.6528 (0.6423 - 0.6648)
Nationwide Cohort,HF,31542,2077,XGBoost,0.6921 (0.6809 - 0.7038),0.1857 (0.1810 - 0.1902),0.6098 (0.5921 - 0.6268),0.5991 (0.5736 - 0.6257),0.5112 (0.4915 - 0.5324),0.7797 (0.7682 - 0.7908),0.7558 (0.7373 - 0.7721),0.6623 (0.6484 - 0.6756)
Nationwide Cohort,HF + Hyp,41550,2077,CatBoost,0.6694 (0.6602 - 0.6786),0.1948 (0.1908 - 0.1985),0.6336 (0.6237 - 0.6441),0.6102 (0.5913 - 0.6277),0.5169 (0.5046 - 0.5300),0.7682 (0.7574 - 0.7784),0.8186 (0.8050 - 0.8314),0.5892 (0.5754 - 0.6002)
Nationwide Cohort,HF + Hyp,41550,2077,Gradient Boosting,0.6623 (0.6532 - 0.6716),0.2051 (0.2024 - 0.2078),0.6124 (0.6009 - 0.6260),0.5725 (0.5519 - 0.5909),0.5111 (0.4984 - 0.5268),0.7466 (0.7364 - 0.7563),0.7636 (0.7488 - 0.7778),0.6078 (0.5947 - 0.6196)
Nationwide Cohort,HF + Hyp,41550,2077,HIR-M3 Transformer,0.3498 (0.3397 - 0.3599),0.2456 (0.2438 - 0.2474),0.5178 (0.5067 - 0.5289),0.4211 (0.4003 - 0.4384),0.3494 (0.3393 - 0.3596),0.5920 (0.5797 - 0.6037),0.9994 (0.9983 - 1.0000),0.0009 (0.0002 - 0.0017)
Nationwide Cohort,HF + Hyp,41550,2077,LightGBM,0.6484 (0.6386 - 0.6579),0.1938 (0.1896 - 0.1985),0.6255 (0.6132 - 0.6374),0.5939 (0.5762 - 0.6112),0.4981 (0.4846 - 0.5105),0.7587 (0.7481 - 0.7675),0.8407 (0.8294 - 0.8552),0.5451 (0.5306 - 0.5567)
Nationwide Cohort,HF + Hyp,41550,2077,Logistic Regression,0.6422 (0.6321 - 0.6522),0.2182 (0.2129 - 0.2232),0.5813 (0.5694 - 0.5965),0.5499 (0.5310 - 0.5699),0.4916 (0.4777 - 0.5072),0.7170 (0.7060 - 0.7291),0.7109 (0.6943 - 0.7278),0.6053 (0.5933 - 0.6180)
Nationwide Cohort,HF + Hyp,41550,2077,Random Forest,0.6160 (0.6052 - 0.6262),0.2038 (0.2015 - 0.2069),0.5882 (0.5761 - 0.6008),0.5357 (0.5170 - 0.5537),0.4703 (0.4556 - 0.4842),0.7141 (0.7021 - 0.7244),0.7853 (0.7696 - 0.8009),0.5251 (0.5130 - 0.5382)
Nationwide Cohort,HF + Hyp,41550,2077,SAINT Transformer,0.3504 (0.3404 - 0.3604),0.3074 (0.3038 - 0.3111),0.5176 (0.5069 - 0.5283),0.4217 (0.4017 - 0.4404),0.3495 (0.3397 - 0.3593),0.5886 (0.5743 - 0.6009),0.9977 (0.9959 - 0.9993),0.0028 (0.0016 - 0.0043)
Nationwide Cohort,HF + Hyp,41550,2077,Standard MLP,0.6302 (0.6200 - 0.6408),0.2131 (0.2084 - 0.2178),0.5854 (0.5725 - 0.5989),0.5594 (0.5395 - 0.5783),0.4812 (0.4661 - 0.4960),0.7159 (0.7032 - 0.7285),0.7474 (0.7315 - 0.7626),0.5672 (0.5534 - 0.5798)
Nationwide Cohort,HF + Hyp,41550,2077,Standard Transformer,0.3515 (0.3417 - 0.3616),0.2454 (0.2435 - 0.2475),0.5175 (0.5063 - 0.5285),0.4181 (0.3992 - 0.4361),0.3496 (0.3395 - 0.3596),0.5892 (0.5765 - 0.6010),0.9953 (0.9924 - 0.9979),0.0059 (0.0043 - 0.0079)
Nationwide Cohort,HF + Hyp,41550,2077,XGBoost,0.6622 (0.6535 - 0.6726),0.1940 (0.1900 - 0.1980),0.6311 (0.6191 - 0.6431),0.6049 (0.5870 - 0.6225),0.5102 (0.4957 - 0.5243),0.7648 (0.7541 - 0.7745),0.8272 (0.8151 - 0.8408),0.5736 (0.5610 - 0.5863)
Nationwide Cohort,Hyp,65916,2077,CatBoost,0.7346 (0.7267 - 0.7419),0.1834 (0.1806 - 0.1862),0.5385 (0.5254 - 0.5514),0.5206 (0.5034 - 0.5386),0.4532 (0.4380 - 0.4691),0.7913 (0.7833 - 0.7991),0.6634 (0.6459 - 0.6796),0.7562 (0.7473 - 0.7643)
Nationwide Cohort,Hyp,65916,2077,Gradient Boosting,0.7156 (0.7089 - 0.7224),0.1904 (0.1880 - 0.1925),0.5337 (0.5223 - 0.5454),0.4982 (0.4810 - 0.5164),0.4324 (0.4203 - 0.4462),0.7827 (0.7748 - 0.7903),0.6971 (0.6815 - 0.7113),0.7213 (0.7138 - 0.7297)
Nationwide Cohort,Hyp,65916,2077,HIR-M3 Transformer,0.4122 (0.4039 - 0.4207),0.2467 (0.2456 - 0.2482),0.3837 (0.3735 - 0.3940),0.2805 (0.2693 - 0.2918),0.2540 (0.2453 - 0.2628),0.5688 (0.5579 - 0.5786),0.7838 (0.7688 - 0.7974),0.2990 (0.2895 - 0.3082)
Nationwide Cohort,Hyp,65916,2077,LightGBM,0.7042 (0.6962 - 0.7114),0.1706 (0.1672 - 0.1736),0.5371 (0.5252 - 0.5495),0.5091 (0.4929 - 0.5287),0.4231 (0.4109 - 0.4361),0.7849 (0.7767 - 0.7941),0.7353 (0.7193 - 0.7515),0.6947 (0.6863 - 0.7046)
Nationwide Cohort,Hyp,65916,2077,Logistic Regression,0.6804 (0.6734 - 0.6880),0.2001 (0.1967 - 0.2033),0.4961 (0.4839 - 0.5108),0.4623 (0.4450 - 0.4815),0.3926 (0.3801 - 0.4075),0.7478 (0.7394 - 0.7568),0.6739 (0.6601 - 0.6892),0.6824 (0.6734 - 0.6908)
Nationwide Cohort,Hyp,65916,2077,Random Forest,0.6605 (0.6526 - 0.6686),0.1668 (0.1643 - 0.1692),0.4863 (0.4730 - 0.4997),0.4273 (0.4097 - 0.4445),0.3760 (0.3626 - 0.3903),0.7277 (0.7183 - 0.7363),0.6885 (0.6722 - 0.7024),0.6519 (0.6421 - 0.6617)
Nationwide Cohort,Hyp,65916,2077,SAINT Transformer,0.7390 (0.7316 - 0.7464),0.1910 (0.1881 - 0.1942),0.1741 (0.1591 - 0.1883),0.2847 (0.2729 - 0.2964),0.3330 (0.3098 - 0.3545),0.5699 (0.5585 - 0.5798),0.1179 (0.1071 - 0.1284),0.9281 (0.9239 - 0.9325)
Nationwide Cohort,Hyp,65916,2077,Standard MLP,0.7154 (0.7085 - 0.7229),0.2060 (0.2020 - 0.2098),0.4799 (0.4674 - 0.4946),0.4394 (0.4226 - 0.4586),0.4185 (0.4048 - 0.4345),0.7305 (0.7219 - 0.7403),0.5624 (0.5461 - 0.5808),0.7620 (0.7543 - 0.7703)
Nationwide Cohort,Hyp,65916,2077,Standard Transformer,0.2971 (0.2894 - 0.3048),0.2471 (0.2459 - 0.2486),0.3854 (0.3746 - 0.3960),0.2833 (0.2702 - 0.2947),0.2421 (0.2340 - 0.2505),0.5733 (0.5618 - 0.5836),0.9440 (0.9364 - 0.9522),0.1000 (0.0933 - 0.1055)
Nationwide Cohort,Hyp,65916,2077,XGBoost,0.7158 (0.7089 - 0.7233),0.1773 (0.1741 - 0.1801),0.5430 (0.5306 - 0.5573),0.5247 (0.5079 - 0.5450),0.4347 (0.4208 - 0.4489),0.7927 (0.7852 - 0.8007),0.7231 (0.7089 - 0.7390),0.7136 (0.7045 - 0.7228)
Texas Cohort,D,10030,758,CatBoost,0.7169 (0.6969 - 0.7383),0.1585 (0.1491 - 0.1666),0.5617 (0.5284 - 0.5913),0.5571 (0.5128 - 0.6050),0.4494 (0.4130 - 0.4849),0.8074 (0.7838 - 0.8299),0.7494 (0.7108 - 0.7895),0.7064 (0.6834 - 0.7324)
Texas Cohort,D,10030,758,Gradient Boosting,0.7301 (0.7098 - 0.7488),0.1694 (0.1620 - 0.1772),0.5456 (0.5118 - 0.5808),0.5338 (0.4802 - 0.5777),0.4608 (0.4260 - 0.4978),0.7955 (0.7727 - 0.8166),0.6693 (0.6252 - 0.7112),0.7496 (0.7294 - 0.7705)
Texas Cohort,D,10030,758,HIR-M3 Transformer,0.2423 (0.2253 - 0.2613),0.2479 (0.2477 - 0.2480),0.3899 (0.3678 - 0.4143),0.2899 (0.2592 - 0.3256),0.2423 (0.2253 - 0.2613),0.5749 (0.5468 - 0.6063),1.0000 (1.0000 - 1.0000),0.0000 (0.0000 - 0.0000)
Texas Cohort,D,10030,758,LightGBM,0.7443 (0.7253 - 0.7642),0.1593 (0.1478 - 0.1715),0.5194 (0.4790 - 0.5532),0.5375 (0.4897 - 0.5772),0.4769 (0.4372 - 0.5173),0.7920 (0.7712 - 0.8140),0.5708 (0.5237 - 0.6093),0.7999 (0.7804 - 0.8210)
Texas Cohort,D,10030,758,Logistic Regression,0.7241 (0.7024 - 0.7438),0.1925 (0.1811 - 0.2034),0.5138 (0.4777 - 0.5495),0.5113 (0.4646 - 0.5580),0.4483 (0.4065 - 0.4897),0.7662 (0.7425 - 0.7872),0.6024 (0.5598 - 0.6514),0.7630 (0.7399 - 0.7848)
Texas Cohort,D,10030,758,Random Forest,0.6344 (0.6107 - 0.6531),0.1620 (0.1542 - 0.1702),0.5014 (0.4694 - 0.5286),0.4674 (0.4238 - 0.5127),0.3744 (0.3412 - 0.4037),0.7366 (0.7126 - 0.7622),0.7593 (0.7221 - 0.7963),0.5945 (0.5691 - 0.6210)
Texas Cohort,D,10030,758,SAINT Transformer,0.3141 (0.2946 - 0.3340),0.1985 (0.1912 - 0.2057),0.3968 (0.3723 - 0.4223),0.2907 (0.2563 - 0.3258),0.2522 (0.2327 - 0.2733),0.5717 (0.5400 - 0.6002),0.9316 (0.9102 - 0.9515),0.1166 (0.1022 - 0.1347)
Texas Cohort,D,10030,758,Standard MLP,0.7070 (0.6879 - 0.7283),0.1924 (0.1810 - 0.2035),0.4943 (0.4584 - 0.5313),0.5004 (0.4496 - 0.5492),0.4248 (0.3835 - 0.4644),0.7581 (0.7339 - 0.7814),0.5916 (0.5446 - 0.6315),0.7439 (0.7216 - 0.7676)
Texas Cohort,D,10030,758,Standard Transformer,0.2833 (0.2642 - 0.3031),0.2528 (0.2478 - 0.2568),0.3956 (0.3731 - 0.4222),0.2979 (0.2658 - 0.3316),0.2486 (0.2311 - 0.2694),0.5853 (0.5591 - 0.6118),0.9686 (0.9516 - 0.9823),0.0642 (0.0542 - 0.0739)
Texas Cohort,D,10030,758,XGBoost,0.7153 (0.6959 - 0.7403),0.1592 (0.1496 - 0.1688),0.5457 (0.5104 - 0.5797),0.5233 (0.4734 - 0.5618),0.4449 (0.4085 - 0.4797),0.7898 (0.7669 - 0.8119),0.7064 (0.6659 - 0.7516),0.7181 (0.6975 - 0.7465)
Texas Cohort,D + HF,1216,758,CatBoost,0.6612 (0.6065 - 0.7090),0.2081 (0.1813 - 0.2393),0.7216 (0.6666 - 0.7736),0.6984 (0.5965 - 0.8020),0.5933 (0.5247 - 0.6630),0.7558 (0.6923 - 0.8148),0.9229 (0.8760 - 0.9647),0.4221 (0.3333 - 0.5077)
Texas Cohort,D + HF,1216,758,Gradient Boosting,0.6278 (0.5778 - 0.6804),0.2075 (0.1839 - 0.2306),0.6982 (0.6475 - 0.7561),0.7062 (0.6308 - 0.7837),0.5692 (0.5084 - 0.6475),0.7401 (0.6828 - 0.7963),0.9051 (0.8557 - 0.9460),0.3746 (0.2954 - 0.4542)
Texas Cohort,D + HF,1216,758,HIR-M3 Transformer,0.4773 (0.4220 - 0.5451),0.2544 (0.2484 - 0.2598),0.6455 (0.5936 - 0.7056),0.4984 (0.4043 - 0.5907),0.4773 (0.4220 - 0.5451),0.5055 (0.4324 - 0.5655),1.0000 (1.0000 - 1.0000),0.0000 (0.0000 - 0.0000)
Texas Cohort,D + HF,1216,758,LightGBM,0.6442 (0.5861 - 0.6967),0.2496 (0.1992 - 0.2904),0.7154 (0.6555 - 0.7665),0.7277 (0.6256 - 0.8067),0.5782 (0.5174 - 0.6465),0.7576 (0.6945 - 0.8154),0.9402 (0.8967 - 0.9752),0.3739 (0.2991 - 0.4539)
Texas Cohort,D + HF,1216,758,Logistic Regression,0.4892 (0.4302 - 0.5493),0.3552 (0.3003 - 0.4137),0.6487 (0.5947 - 0.7044),0.6039 (0.5212 - 0.6995),0.4829 (0.4249 - 0.5460),0.6296 (0.5525 - 0.6958),0.9909 (0.9717 - 1.0000),0.0309 (0.0072 - 0.0656)
Texas Cohort,D + HF,1216,758,Random Forest,0.5759 (0.5203 - 0.6393),0.2228 (0.2059 - 0.2407),0.6699 (0.6108 - 0.7300),0.6748 (0.5834 - 0.7610),0.5328 (0.4642 - 0.6043),0.6890 (0.6201 - 0.7607),0.9045 (0.8532 - 0.9496),0.2758 (0.2092 - 0.3507)
Texas Cohort,D + HF,1216,758,SAINT Transformer,0.4773 (0.4220 - 0.5451),0.2521 (0.2483 - 0.2562),0.6455 (0.5936 - 0.7056),0.4941 (0.4081 - 0.5905),0.4773 (0.4220 - 0.5451),0.4911 (0.4247 - 0.5589),1.0000 (1.0000 - 1.0000),0.0000 (0.0000 - 0.0000)
Texas Cohort,D + HF,1216,758,Standard MLP,0.4781 (0.4180 - 0.5369),0.2451 (0.2290 - 0.2638),0.6402 (0.5840 - 0.6954),0.5917 (0.4840 - 0.6931),0.4772 (0.4177 - 0.5398),0.6028 (0.5247 - 0.6669),0.9755 (0.9439 - 1.0000),0.0239 (0.0000 - 0.0494)
Texas Cohort,D + HF,1216,758,Standard Transformer,0.4732 (0.4179 - 0.5411),0.2707 (0.2543 - 0.2826),0.6418 (0.5895 - 0.7022),0.4762 (0.3999 - 0.5662),0.4752 (0.4197 - 0.5433),0.4629 (0.3957 - 0.5409),0.9914 (0.9732 - 1.0000),0.0000 (0.0000 - 0.0000)
Texas Cohort,D + HF,1216,758,XGBoost,0.6785 (0.6189 - 0.7255),0.2284 (0.1939 - 0.2629),0.7265 (0.6691 - 0.7761),0.7181 (0.6186 - 0.7970),0.6110 (0.5432 - 0.6854),0.7540 (0.6978 - 0.8018),0.8978 (0.8429 - 0.9500),0.4781 (0.3968 - 0.5566)
Texas Cohort,D + HF + Hyp,925,758,CatBoost,0.6499 (0.5730 - 0.7189),0.2351 (0.1946 - 0.2796),0.7319 (0.6639 - 0.7940),0.6710 (0.5648 - 0.7623),0.6014 (0.5197 - 0.6843),0.7154 (0.6363 - 0.7809),0.9373 (0.8850 - 0.9884),0.3487 (0.2523 - 0.4409)
Texas Cohort,D + HF + Hyp,925,758,Gradient Boosting,0.5855 (0.5134 - 0.6595),0.2107 (0.1824 - 0.2414),0.7089 (0.6453 - 0.7676),0.6937 (0.5864 - 0.7939),0.5532 (0.4800 - 0.6266),0.7301 (0.6625 - 0.7974),0.9896 (0.9625 - 1.0000),0.1620 (0.0851 - 0.2340)
Texas Cohort,D + HF + Hyp,925,758,HIR-M3 Transformer,0.5286 (0.4539 - 0.6000),0.2489 (0.2467 - 0.2515),0.3048 (0.2031 - 0.4000),0.6033 (0.4993 - 0.6961),0.6205 (0.4411 - 0.7667),0.6224 (0.5539 - 0.6964),0.2035 (0.1312 - 0.2756),0.8696 (0.7979 - 0.9293)
Texas Cohort,D + HF + Hyp,925,758,LightGBM,0.6639 (0.5999 - 0.7297),0.2789 (0.2267 - 0.3338),0.7204 (0.6573 - 0.7826),0.7191 (0.6205 - 0.7971),0.6268 (0.5413 - 0.7201),0.7172 (0.6358 - 0.7828),0.8495 (0.7647 - 0.9200),0.4697 (0.3707 - 0.5643)
Texas Cohort,D + HF + Hyp,925,758,Logistic Regression,0.5934 (0.5242 - 0.6703),0.3208 (0.2644 - 0.3897),0.6780 (0.6118 - 0.7484),0.6241 (0.5310 - 0.7395),0.5698 (0.4823 - 0.6526),0.6412 (0.5585 - 0.7160),0.8395 (0.7613 - 0.9159),0.3356 (0.2416 - 0.4257)
Texas Cohort,D + HF + Hyp,925,758,Random Forest,0.6108 (0.5351 - 0.6758),0.2346 (0.2183 - 0.2536),0.6616 (0.5943 - 0.7383),0.6234 (0.5216 - 0.7157),0.5958 (0.5077 - 0.6855),0.6345 (0.5538 - 0.7014),0.7460 (0.6770 - 0.8242),0.4689 (0.3625 - 0.5629)
Texas Cohort,D + HF + Hyp,925,758,SAINT Transformer,0.5392 (0.4811 - 0.6055),0.2403 (0.2265 - 0.2544),0.6364 (0.5660 - 0.7082),0.6513 (0.5475 - 0.7450),0.5336 (0.4450 - 0.6108),0.6238 (0.5369 - 0.7017),0.7912 (0.7113 - 0.8778),0.2752 (0.1891 - 0.3647)
Texas Cohort,D + HF + Hyp,925,758,Standard MLP,0.5786 (0.4970 - 0.6432),0.2457 (0.2222 - 0.2730),0.6266 (0.5464 - 0.6969),0.6337 (0.5424 - 0.7205),0.5732 (0.4862 - 0.6572),0.6233 (0.5383 - 0.6994),0.6937 (0.6091 - 0.7792),0.4585 (0.3441 - 0.5523)
Texas Cohort,D + HF + Hyp,925,758,Standard Transformer,0.5111 (0.4431 - 0.5838),0.2482 (0.2416 - 0.2560),0.6736 (0.6089 - 0.7354),0.6012 (0.5089 - 0.6883),0.5116 (0.4425 - 0.5817),0.5633 (0.4830 - 0.6392),0.9887 (0.9655 - 1.0000),0.0104 (0.0000 - 0.0357)
Texas Cohort,D + HF + Hyp,925,758,XGBoost,0.6606 (0.5946 - 0.7243),0.2427 (0.1991 - 0.2907),0.7378 (0.6696 - 0.7969),0.7122 (0.5960 - 0.8052),0.6097 (0.5274 - 0.6907),0.7285 (0.6521 - 0.7938),0.9367 (0.8854 - 0.9884),0.3713 (0.2809 - 0.4624)
Texas Cohort,D + Hyp,3836,758,CatBoost,0.6530 (0.6211 - 0.6849),0.1932 (0.1799 - 0.2061),0.5855 (0.5424 - 0.6317),0.6152 (0.5628 - 0.6741),0.4893 (0.4349 - 0.5394),0.7559 (0.7269 - 0.7861),0.7300 (0.6796 - 0.7850),0.6141 (0.5700 - 0.6528)
Texas Cohort,D + Hyp,3836,758,Gradient Boosting,0.6477 (0.6146 - 0.6784),0.1953 (0.1846 - 0.2078),0.5938 (0.5528 - 0.6345),0.5898 (0.5394 - 0.6437),0.4849 (0.4357 - 0.5294),0.7455 (0.7110 - 0.7781),0.7669 (0.7148 - 0.8130),0.5874 (0.5435 - 0.6294)
Texas Cohort,D + Hyp,3836,758,HIR-M3 Transformer,0.6639 (0.6302 - 0.6927),0.2476 (0.2468 - 0.2483),0.0000 (0.0000 - 0.0000),0.3871 (0.3302 - 0.4420),0.0000 (0.0000 - 0.0000),0.5545 (0.5126 - 0.5968),0.0000 (0.0000 - 0.0000),1.0000 (1.0000 - 1.0000)
Texas Cohort,D + Hyp,3836,758,LightGBM,0.5813 (0.5494 - 0.6121),0.2335 (0.2124 - 0.2555),0.5923 (0.5560 - 0.6284),0.5816 (0.5315 - 0.6457),0.4403 (0.4007 - 0.4794),0.7434 (0.7088 - 0.7729),0.9057 (0.8704 - 0.9401),0.4172 (0.3804 - 0.4612)
Texas Cohort,D + Hyp,3836,758,Logistic Regression,0.5730 (0.5390 - 0.6068),0.2609 (0.2357 - 0.2853),0.5790 (0.5400 - 0.6174),0.4942 (0.4391 - 0.5540),0.4331 (0.3946 - 0.4712),0.6919 (0.6558 - 0.7347),0.8746 (0.8396 - 0.9113),0.4204 (0.3832 - 0.4605)
Texas Cohort,D + Hyp,3836,758,Random Forest,0.6175 (0.5846 - 0.6484),0.2029 (0.1920 - 0.2148),0.5537 (0.5088 - 0.5980),0.4918 (0.4341 - 0.5530),0.4556 (0.4085 - 0.5025),0.6852 (0.6473 - 0.7177),0.7069 (0.6528 - 0.7606),0.5723 (0.5306 - 0.6152)
Texas Cohort,D + Hyp,3836,758,SAINT Transformer,0.5492 (0.5104 - 0.5833),0.2303 (0.2241 - 0.2358),0.4509 (0.4056 - 0.4949),0.4311 (0.3763 - 0.4858),0.3818 (0.3316 - 0.4280),0.5741 (0.5340 - 0.6161),0.5514 (0.4879 - 0.6089),0.5480 (0.5056 - 0.5888)
Texas Cohort,D + Hyp,3836,758,Standard MLP,0.6294 (0.5911 - 0.6602),0.2312 (0.2126 - 0.2509),0.5525 (0.5137 - 0.5957),0.5387 (0.4767 - 0.5953),0.4651 (0.4164 - 0.5119),0.7031 (0.6583 - 0.7389),0.6817 (0.6329 - 0.7360),0.6030 (0.5619 - 0.6428)
Texas Cohort,D + Hyp,3836,758,Standard Transformer,0.3400 (0.3099 - 0.3750),0.2372 (0.2345 - 0.2401),0.5024 (0.4710 - 0.5394),0.3632 (0.3198 - 0.4176),0.3366 (0.3092 - 0.3707),0.5337 (0.4851 - 0.5810),0.9920 (0.9798 - 1.0000),0.0099 (0.0020 - 0.0191)
Texas Cohort,D + Hyp,3836,758,XGBoost,0.6278 (0.5963 - 0.6576),0.2073 (0.1904 - 0.2264),0.5909 (0.5468 - 0.6319),0.6051 (0.5577 - 0.6566),0.4686 (0.4234 - 0.5098),0.7485 (0.7154 - 0.7801),0.8008 (0.7517 - 0.8456),0.5403 (0.5048 - 0.5847)
Texas Cohort,HF,4852,758,CatBoost,0.6455 (0.6159 - 0.6746),0.1944 (0.1818 - 0.2098),0.6491 (0.6167 - 0.6822),0.6567 (0.6004 - 0.7044),0.5317 (0.4918 - 0.5686),0.7613 (0.7255 - 0.7900),0.8338 (0.7934 - 0.8666),0.5234 (0.4872 - 0.5643)
Texas Cohort,HF,4852,758,Gradient Boosting,0.6534 (0.6231 - 0.6829),0.1940 (0.1822 - 0.2050),0.6608 (0.6222 - 0.6936),0.6376 (0.5865 - 0.6892),0.5374 (0.4917 - 0.5710),0.7600 (0.7259 - 0.7904),0.8587 (0.8254 - 0.8938),0.5201 (0.4780 - 0.5602)
Texas Cohort,HF,4852,758,HIR-M3 Transformer,0.3936 (0.3635 - 0.4264),0.2531 (0.2521 - 0.2540),0.5647 (0.5332 - 0.5979),0.4541 (0.4070 - 0.4986),0.3936 (0.3635 - 0.4264),0.5575 (0.5267 - 0.5942),1.0000 (1.0000 - 1.0000),0.0000 (0.0000 - 0.0000)
Texas Cohort,HF,4852,758,LightGBM,0.6439 (0.6097 - 0.6746),0.2402 (0.2193 - 0.2650),0.6142 (0.5737 - 0.6497),0.6282 (0.5734 - 0.6718),0.5354 (0.4890 - 0.5796),0.7375 (0.6975 - 0.7696),0.7210 (0.6700 - 0.7693),0.5939 (0.5540 - 0.6321)
Texas Cohort,HF,4852,758,Logistic Regression,0.5659 (0.5345 - 0.5954),0.2373 (0.2200 - 0.2569),0.6162 (0.5822 - 0.6510),0.6067 (0.5591 - 0.6610),0.4726 (0.4361 - 0.5078),0.7105 (0.6766 - 0.7392),0.8861 (0.8560 - 0.9171),0.3581 (0.3193 - 0.3967)
Texas Cohort,HF,4852,758,Random Forest,0.5953 (0.5643 - 0.6262),0.2089 (0.2000 - 0.2177),0.6255 (0.5889 - 0.6579),0.5845 (0.5295 - 0.6330),0.4919 (0.4541 - 0.5293),0.7170 (0.6834 - 0.7501),0.8593 (0.8253 - 0.8909),0.4239 (0.3872 - 0.4636)
Texas Cohort,HF,4852,758,SAINT Transformer,0.4804 (0.4470 - 0.5098),0.2500 (0.2349 - 0.2690),0.5847 (0.5502 - 0.6167),0.5522 (0.5058 - 0.5958),0.4266 (0.3928 - 0.4587),0.6614 (0.6271 - 0.6937),0.9298 (0.9082 - 0.9532),0.1888 (0.1557 - 0.2202)
Texas Cohort,HF,4852,758,Standard MLP,0.6145 (0.5880 - 0.6488),0.2248 (0.2106 - 0.2416),0.6110 (0.5753 - 0.6513),0.6085 (0.5576 - 0.6628),0.5068 (0.4665 - 0.5506),0.7070 (0.6722 - 0.7357),0.7698 (0.7264 - 0.8076),0.5138 (0.4754 - 0.5574)
Texas Cohort,HF,4852,758,Standard Transformer,0.5057 (0.4727 - 0.5408),0.2365 (0.2314 - 0.2422),0.5735 (0.5402 - 0.6087),0.5476 (0.4988 - 0.5966),0.4343 (0.4027 - 0.4702),0.6461 (0.6063 - 0.6815),0.8449 (0.8117 - 0.8794),0.2857 (0.2525 - 0.3228)
Texas Cohort,HF,4852,758,XGBoost,0.6632 (0.6292 - 0.6921),0.2061 (0.1899 - 0.2236),0.6216 (0.5841 - 0.6570),0.6457 (0.5919 - 0.6876),0.5573 (0.5083 - 0.6018),0.7505 (0.7168 - 0.7800),0.7035 (0.6523 - 0.7472),0.6372 (0.6014 - 0.6757)
Texas Cohort,HF + Hyp,3266,758,CatBoost,0.6228 (0.5886 - 0.6591),0.2074 (0.1928 - 0.2229),0.6580 (0.6196 - 0.6941),0.6747 (0.6186 - 0.7265),0.5381 (0.4932 - 0.5743),0.7456 (0.7118 - 0.7766),0.8479 (0.8077 - 0.8909),0.4540 (0.4080 - 0.5067)
Texas Cohort,HF + Hyp,3266,758,Gradient Boosting,0.6491 (0.6101 - 0.6865),0.2010 (0.1881 - 0.2166),0.6682 (0.6265 - 0.7017),0.6633 (0.6098 - 0.7216),0.5617 (0.5149 - 0.6039),0.7494 (0.7066 - 0.7828),0.8256 (0.7789 - 0.8676),0.5168 (0.4659 - 0.5747)
Texas Cohort,HF + Hyp,3266,758,HIR-M3 Transformer,0.4285 (0.3914 - 0.4603),0.2525 (0.2513 - 0.2539),0.5997 (0.5626 - 0.6304),0.5033 (0.4562 - 0.5537),0.4285 (0.3914 - 0.4603),0.5819 (0.5402 - 0.6223),1.0000 (1.0000 - 1.0000),0.0000 (0.0000 - 0.0000)
Texas Cohort,HF + Hyp,3266,758,LightGBM,0.6494 (0.6116 - 0.6896),0.2550 (0.2320 - 0.2812),0.6696 (0.6317 - 0.7071),0.6665 (0.6160 - 0.7167),0.5616 (0.5120 - 0.6043),0.7389 (0.7021 - 0.7732),0.8299 (0.7796 - 0.8741),0.5142 (0.4578 - 0.5676)
Texas Cohort,HF + Hyp,3266,758,Logistic Regression,0.5454 (0.5076 - 0.5842),0.2640 (0.2439 - 0.2901),0.6320 (0.5964 - 0.6699),0.6151 (0.5617 - 0.6714),0.4839 (0.4427 - 0.5255),0.6977 (0.6583 - 0.7292),0.9117 (0.8836 - 0.9406),0.2707 (0.2189 - 0.3212)
Texas Cohort,HF + Hyp,3266,758,Random Forest,0.5760 (0.5412 - 0.6086),0.2125 (0.2022 - 0.2239),0.6377 (0.6024 - 0.6701),0.6387 (0.5794 - 0.6888),0.5031 (0.4634 - 0.5397),0.7148 (0.6736 - 0.7499),0.8715 (0.8377 - 0.9091),0.3545 (0.3117 - 0.4034)
Texas Cohort,HF + Hyp,3266,758,SAINT Transformer,0.5771 (0.5428 - 0.6118),0.3358 (0.3080 - 0.3623),0.3477 (0.2926 - 0.4026),0.4843 (0.4361 - 0.5383),0.5127 (0.4347 - 0.5834),0.5570 (0.5091 - 0.6044),0.2636 (0.2172 - 0.3112),0.8122 (0.7746 - 0.8503)
Texas Cohort,HF + Hyp,3266,758,Standard MLP,0.5959 (0.5565 - 0.6361),0.2488 (0.2318 - 0.2717),0.6238 (0.5799 - 0.6620),0.6034 (0.5531 - 0.6536),0.5190 (0.4718 - 0.5701),0.6837 (0.6435 - 0.7186),0.7826 (0.7385 - 0.8243),0.4560 (0.4049 - 0.5137)
Texas Cohort,HF + Hyp,3266,758,Standard Transformer,0.4285 (0.3914 - 0.4603),0.2484 (0.2478 - 0.2489),0.5997 (0.5626 - 0.6304),0.5224 (0.4663 - 0.5823),0.4285 (0.3914 - 0.4603),0.5971 (0.5568 - 0.6404),1.0000 (1.0000 - 1.0000),0.0000 (0.0000 - 0.0000)
Texas Cohort,HF + Hyp,3266,758,XGBoost,0.5921 (0.5580 - 0.6285),0.2208 (0.2032 - 0.2381),0.6646 (0.6280 - 0.7010),0.6679 (0.6172 - 0.7239),0.5131 (0.4728 - 0.5508),0.7404 (0.7064 - 0.7738),0.9439 (0.9152 - 0.9688),0.3283 (0.2783 - 0.3744)
Texas Cohort,Hyp,16161,758,CatBoost,0.6994 (0.6854 - 0.7158),0.1751 (0.1689 - 0.1814),0.5577 (0.5365 - 0.5813),0.5480 (0.5164 - 0.5777),0.4361 (0.4130 - 0.4583),0.7964 (0.7813 - 0.8126),0.7738 (0.7449 - 0.8031),0.6752 (0.6593 - 0.6928)
Texas Cohort,Hyp,16161,758,Gradient Boosting,0.7159 (0.7018 - 0.7303),0.1843 (0.1791 - 0.1895),0.5347 (0.5098 - 0.5584),0.5280 (0.4978 - 0.5591),0.4467 (0.4206 - 0.4715),0.7865 (0.7702 - 0.8013),0.6662 (0.6365 - 0.6951),0.7321 (0.7124 - 0.7506)
Texas Cohort,Hyp,16161,758,HIR-M3 Transformer,0.6495 (0.6350 - 0.6660),0.1983 (0.1921 - 0.2036),0.5274 (0.5063 - 0.5520),0.5052 (0.4712 - 0.5391),0.3939 (0.3742 - 0.4154),0.7697 (0.7546 - 0.7850),0.7985 (0.7729 - 0.8274),0.6011 (0.5833 - 0.6221)
Texas Cohort,Hyp,16161,758,LightGBM,0.6521 (0.6375 - 0.6681),0.1699 (0.1617 - 0.1778),0.5164 (0.4923 - 0.5376),0.5250 (0.4891 - 0.5588),0.3916 (0.3682 - 0.4118),0.7712 (0.7547 - 0.7879),0.7583 (0.7303 - 0.7858),0.6176 (0.5995 - 0.6359)
Texas Cohort,Hyp,16161,758,Logistic Regression,0.6938 (0.6767 - 0.7092),0.1983 (0.1911 - 0.2067),0.5143 (0.4893 - 0.5380),0.5142 (0.4821 - 0.5498),0.4208 (0.3950 - 0.4460),0.7697 (0.7540 - 0.7845),0.6617 (0.6308 - 0.6915),0.7043 (0.6825 - 0.7241)
Texas Cohort,Hyp,16161,758,Random Forest,0.6639 (0.6502 - 0.6783),0.1627 (0.1568 - 0.1676),0.5002 (0.4765 - 0.5244),0.4635 (0.4245 - 0.4953),0.3936 (0.3702 - 0.4176),0.7429 (0.7270 - 0.7592),0.6866 (0.6523 - 0.7210),0.6566 (0.6409 - 0.6747)
Texas Cohort,Hyp,16161,758,SAINT Transformer,0.3177 (0.3031 - 0.3335),0.1527 (0.1458 - 0.1586),0.4176 (0.3994 - 0.4358),0.5066 (0.4729 - 0.5410),0.2641 (0.2496 - 0.2788),0.7808 (0.7658 - 0.7973),0.9985 (0.9961 - 1.0000),0.0967 (0.0847 - 0.1090)
Texas Cohort,Hyp,16161,758,Standard MLP,0.7133 (0.6966 - 0.7287),0.2042 (0.1960 - 0.2121),0.5015 (0.4762 - 0.5266),0.4862 (0.4546 - 0.5157),0.4370 (0.4129 - 0.4654),0.7480 (0.7327 - 0.7647),0.5889 (0.5565 - 0.6205),0.7536 (0.7357 - 0.7711)
Texas Cohort,Hyp,16161,758,Standard Transformer,0.6516 (0.6359 - 0.6675),0.1995 (0.1927 - 0.2062),0.5235 (0.5004 - 0.5457),0.4850 (0.4515 - 0.5163),0.3937 (0.3726 - 0.4158),0.7623 (0.7461 - 0.7781),0.7812 (0.7503 - 0.8085),0.6095 (0.5887 - 0.6298)
Texas Cohort,Hyp,16161,758,XGBoost,0.6793 (0.6647 - 0.6963),0.1725 (0.1658 - 0.1789),0.5345 (0.5124 - 0.5630),0.5286 (0.4939 - 0.5627),0.4148 (0.3935 - 0.4402),0.7810 (0.7666 - 0.7982),0.7515 (0.7226 - 0.7815),0.6559 (0.6367 - 0.6758)
