Cohort,Subcohort_Subgroup,Model_Name,Optimal_Threshold,ROC_AUC,PR_AUC,F1_Score,Accuracy,Precision,Recall,TP,TN,FP,FN,Overall_FNR,Worst_Group_FNR,FNR Gap,FPR Gap,FNR_Gap_DGAP,Equalized_Odds_Difference_EOD,Demographic_Parity_Ratio_DPR,Fairness-Performance Stability Area,Selected Ensemble Ratio,EFNHI_Star,Brier_Score,Platt_Calibration_Slope,Incremental Ensemble Value for ROC AUC,Incremental Ensemble Value for PR AUC,Incremental Ensemble Value for F1 Score,Incremental Ensemble Value for Brier Score,Incremental Ensemble Value for ACT-Parity Gap,Incremental Ensemble Value for FNR Gap,Incremental Ensemble Value for FPR Gap,Transportability Gap for ROC AUC,Transportability Gap for PR AUC,Transportability Gap for Brier Score,Transportability Gap for ACT-Parity Gap,Transportability Gap for FNR Gap,Transportability Gap for FPR Gap,Transportability Gap for FPSA
Nationwide Cohort,Overall,XGBoost with ACT-parity,0.6571,0.8136,0.3963,0.4352,0.813,0.3562,0.5593,4889,50284,8837,3852,0.25008580253975515,0.7333333333333333,0.49696969696969695,0.17593955966905062,0.49696969696969695,0.3364546283193738,1.0,0.0,N/A,0.1381597612469549,0.1723,0.9283,,,,,,,,0.0056,0.0371,0.012,0.0678,0.0678,0.002,0.0
Nationwide Cohort,Overall,XGBoost baseline,0.6554,0.8241,0.4167,0.4494,0.8234,0.3755,0.5595,4891,50985,8136,3850,0.23967509438279372,0.5333333333333333,0.3225895316804408,0.0759027878381659,0.3225895316804408,0.19924615975930335,1.0,0.0,N/A,0.07049581360746769,0.169,1.0158,,,,,,,,0.0145,0.0269,0.0128,0.0592,0.0592,0.0666,0.0
Nationwide Cohort,Overall,LightGBM baseline,0.6319,0.8256,0.4237,0.4492,0.8128,0.3616,0.5927,5181,49975,9146,3560,0.24413682645006293,0.6,0.3785123966942149,0.0945494157983412,0.3785123966942149,0.23653090624627804,1.0,0.0,N/A,0.11675374016262988,0.1647,0.995,,,,,,,,,,,,,,
Nationwide Cohort,Overall,LightGBM with ACT-parity,0.631,0.8129,0.3999,0.4335,0.799,0.3403,0.597,5218,49007,10114,3523,0.2555771650840865,0.8,0.5593495934959349,0.21673933365467477,0.5593495934959349,0.38804446357530487,1.0,0.0,N/A,0.4195898229027335,0.1716,0.8911,,,,,,,,,,,,,,
Nationwide Cohort,Overall,HIR-M3 Transformer,0.6176,0.7063,0.2631,0.3239,0.7467,0.2468,0.471,4117,46556,12565,4624,0.11589063036265873,0.29411764705882354,0.19411764705882353,0.3065079365079365,0.19411764705882353,0.25031279178338,1.0,0.0,N/A,0.029764625101919833,0.2645,1.071,,,,,,,,0.0872,0.0473,0.031,0.0949,0.0949,0.0209,0.0
Nationwide Cohort,Overall,HIR-M3 Transformer with ACT-parity,0.11,0.655,0.2163,0.2882,0.7134,0.2119,0.4504,3937,44476,14645,4804,1.0,1.0,0.0,0.0,0.0,0.0,1.0,0.0,N/A,0.0,0.1093,0.8674,,,,,,,,0.127,0.0541,0.0161,0.0,0.0,0.0,0.0
Nationwide Cohort,Overall,XGBoost + HIR-M3 Ensemble (90:10),0.647,0.8239,0.4156,0.449,0.8223,0.3738,0.5621,4913,50889,8232,3828,0.23178126072531746,0.5333333333333333,0.32920110192837465,0.07517490127804019,0.32920110192837465,0.20218800160320743,1.0,0.0,90:10,0.06708062119200185,0.173,1.1223,-0.0002,-0.0012,-0.0004,-0.004,-0.1351,-0.1351,0.0007,0.0561,0.0334,0.0195,0.0891,0.0891,0.0148,0.0
Nationwide Cohort,Overall,XGBoost + HIR-M3 Ensemble (90:10) with ACT-parity,0.5963,0.8136,0.3963,0.4358,0.8098,0.3527,0.5702,4984,49973,9148,3757,0.29104221484955956,0.7333333333333333,0.46473829201101924,0.1624158603281447,0.46473829201101924,0.31357707616958197,1.0,0.0,90:10,0.19481872619716778,0.1538,1.0714,0.0,-0.0,0.0006,-0.0445,-0.4647,-0.4647,-0.1624,0.007,0.0249,0.0426,0.4647,0.4647,0.3136,0.0
Nationwide Cohort,Urban,XGBoost with ACT-parity,0.6571,0.8136,0.3963,0.4352,0.813,0.3562,0.5593,4889,50284,8837,3852,0.25008580253975515,0.7333333333333333,0.49696969696969695,0.17593955966905062,0.49696969696969695,0.3364546283193738,1.0,,N/A,0.1381597612469549,0.1723,0.9283,,,,,,,,0.0056,0.0371,0.012,0.0678,0.0678,0.002,0.0
Nationwide Cohort,Urban,XGBoost baseline,0.6554,0.8241,0.4167,0.4494,0.8234,0.3755,0.5595,4891,50985,8136,3850,0.23967509438279372,0.5333333333333333,0.3225895316804408,0.0759027878381659,0.3225895316804408,0.19924615975930335,1.0,,N/A,0.07049581360746769,0.169,1.0158,,,,,,,,0.0145,0.0269,0.0128,0.0592,0.0592,0.0666,0.0
Nationwide Cohort,Urban,LightGBM baseline,0.6319,0.8256,0.4237,0.4492,0.8128,0.3616,0.5927,5181,49975,9146,3560,0.24413682645006293,0.6,0.3785123966942149,0.0945494157983412,0.3785123966942149,0.23653090624627804,1.0,,N/A,0.11675374016262988,0.1647,0.995,,,,,,,,,,,,,,
Nationwide Cohort,Urban,LightGBM with ACT-parity,0.631,0.8129,0.3999,0.4335,0.799,0.3403,0.597,5218,49007,10114,3523,0.2555771650840865,0.8,0.5593495934959349,0.21673933365467477,0.5593495934959349,0.38804446357530487,1.0,,N/A,0.4195898229027335,0.1716,0.8911,,,,,,,,,,,,,,
Nationwide Cohort,Urban,HIR-M3 Transformer,0.5518,0.7103,0.2681,0.3243,0.7691,0.2602,0.4302,3760,48433,10688,4981,0.36117149067612403,0.5228758169934641,0.2071733376546211,0.21531746031746032,0.2071733376546211,0.21124539898604072,1.0,,N/A,0.14659546864236286,0.2039,0.9369,,,,,,,,0.0872,0.0473,0.031,0.0949,0.0949,0.0209,0.0
Nationwide Cohort,Urban,HIR-M3 Transformer with ACT-parity,0.1267,0.6622,0.2185,0.2917,0.6868,0.2058,0.5007,4377,42231,16890,4364,1.0,1.0,0.0,0.0,0.0,0.0,1.0,,N/A,0.0,0.1077,1.0063,,,,,,,,0.127,0.0541,0.0161,0.0,0.0,0.0,0.0
Nationwide Cohort,Urban,XGBoost + HIR-M3 Ensemble (90:10),0.6381,0.824,0.4153,0.4492,0.8222,0.3737,0.5629,4920,50876,8245,3821,0.2424207756549594,0.5333333333333333,0.32280701754385965,0.07732839123342833,0.32280701754385965,0.200067704388644,1.0,,90:10,0.08198580582716633,0.1686,1.1128,-0.0002,-0.0012,-0.0004,-0.004,-0.1351,-0.1351,0.0007,0.0561,0.0334,0.0195,0.0891,0.0891,0.0148,0.0
Nationwide Cohort,Urban,XGBoost + HIR-M3 Ensemble (90:10) with ACT-parity,0.592,0.8136,0.3963,0.4358,0.8057,0.3481,0.5828,5094,49580,9541,3647,0.2885253403500744,0.7333333333333333,0.46556473829201095,0.1653607488430795,0.46556473829201095,0.3154627435675452,1.0,,90:10,0.19421860693328746,0.1548,1.0707,0.0,-0.0,0.0006,-0.0445,-0.4647,-0.4647,-0.1624,0.007,0.0249,0.0426,0.4647,0.4647,0.3136,0.0
Nationwide Cohort,Rural,LightGBM baseline,0.6319,0.8256,0.4237,0.4492,0.8128,0.3616,0.5927,5181,49975,9146,3560,0.24413682645006293,0.6,0.3785123966942149,0.0945494157983412,0.3785123966942149,0.23653090624627804,1.0,,N/A,0.11675374016262988,0.1647,0.995,,,,,,,,,,,,,,
Nationwide Cohort,Rural,LightGBM with ACT-parity,0.631,0.8129,0.3999,0.4335,0.799,0.3403,0.597,5218,49007,10114,3523,0.2555771650840865,0.8,0.5593495934959349,0.21673933365467477,0.5593495934959349,0.38804446357530487,1.0,,N/A,0.4195898229027335,0.1716,0.8911,,,,,,,,,,,,,,
Nationwide Cohort,Rural,XGBoost with ACT-parity,0.6571,0.8136,0.3963,0.4352,0.813,0.3562,0.5593,4889,50284,8837,3852,0.25008580253975515,0.7333333333333333,0.49696969696969695,0.17593955966905062,0.49696969696969695,0.3364546283193738,1.0,,N/A,0.1381597612469549,0.1723,0.9283,,,,,,,,0.0056,0.0371,0.012,0.0678,0.0678,0.002,0.0
Nationwide Cohort,Rural,XGBoost baseline,0.6554,0.8241,0.4167,0.4494,0.8234,0.3755,0.5595,4891,50985,8136,3850,0.23967509438279372,0.5333333333333333,0.3225895316804408,0.0759027878381659,0.3225895316804408,0.19924615975930335,1.0,,N/A,0.07049581360746769,0.169,1.0158,,,,,,,,0.0145,0.0269,0.0128,0.0592,0.0592,0.0666,0.0
Nationwide Cohort,Rural,HIR-M3 Transformer,0.541,0.7053,0.259,0.3235,0.7572,0.2523,0.4507,3940,47442,11679,4801,0.4052167944171147,0.5555555555555556,0.18200183654729113,0.22253968253968254,0.18200183654729113,0.20227075954348683,1.0,,N/A,0.16737504036646816,0.2065,1.1145,,,,,,,,0.0872,0.0473,0.031,0.0949,0.0949,0.0209,0.0
Nationwide Cohort,Rural,HIR-M3 Transformer with ACT-parity,0.1614,0.6553,0.2173,0.2882,0.7047,0.209,0.4641,4057,43765,15356,4684,1.0,1.0,0.0,0.0,0.0,0.0,1.0,,N/A,0.0,0.1078,0.8035,,,,,,,,0.127,0.0541,0.0161,0.0,0.0,0.0,0.0
Nationwide Cohort,Rural,XGBoost + HIR-M3 Ensemble (90:10),0.6219,0.8241,0.4158,0.4496,0.8132,0.3623,0.5925,5179,50005,9116,3562,0.24116233840521678,0.5333333333333333,0.3234159779614325,0.0770964900712777,0.3234159779614325,0.20025623401635512,1.0,,90:10,0.0763207019566419,0.1687,1.1304,-0.0002,-0.0012,-0.0004,-0.004,-0.1351,-0.1351,0.0007,0.0561,0.0334,0.0195,0.0891,0.0891,0.0148,0.0
Nationwide Cohort,Rural,XGBoost + HIR-M3 Ensemble (90:10) with ACT-parity,0.6023,0.8136,0.3962,0.4359,0.8106,0.3536,0.5681,4966,50044,9077,3775,0.28635167600960987,0.7333333333333333,0.46556473829201095,0.1535753517505726,0.46556473829201095,0.30957004502129176,1.0,,90:10,0.19282665566174828,0.1558,1.0678,0.0,-0.0,0.0006,-0.0445,-0.4647,-0.4647,-0.1624,0.007,0.0249,0.0426,0.4647,0.4647,0.3136,0.0
Nationwide Cohort,Diabetes (d),LightGBM with ACT-parity,0.4562,0.7803,0.5342,0.5355,0.7189,0.4389,0.6867,1317,4527,1684,601,0.37174139728884253,0.7380952380952381,0.4163359788359789,0.16243797534749538,0.4163359788359789,0.2893869770917371,1.0,,N/A,0.548252007174002,0.1702,0.7489,,,,,,,,,,,,,,
Nationwide Cohort,Diabetes (d),XGBoost with ACT-parity,0.4951,0.7835,0.5279,0.541,0.7232,0.4444,0.6913,1326,4553,1658,592,0.3164754953076121,0.7142857142857143,0.42724867724867727,0.23640227703984817,0.42724867724867727,0.3318254771442627,1.0,,N/A,0.46139647372183645,0.1783,0.843,,,,,,,,0.0056,0.0371,0.012,0.0678,0.0678,0.002,0.0
Nationwide Cohort,Diabetes (d),XGBoost baseline,0.458,0.7847,0.5278,0.5352,0.7011,0.4227,0.7294,1399,4300,1911,519,0.32533889468196037,0.5238095238095238,0.22570654277971353,0.13920737327188942,0.22570654277971353,0.18245695802580147,1.0,,N/A,0.23377576073298864,0.1754,0.9141,,,,,,,,0.0145,0.0269,0.0128,0.0592,0.0592,0.0666,0.0
Nationwide Cohort,Diabetes (d),LightGBM baseline,0.4153,0.7807,0.5195,0.5304,0.7021,0.4222,0.7132,1368,4339,1872,550,0.40041710114702816,0.6428571428571429,0.25628306878306883,0.08648956356736243,0.25628306878306883,0.17138631617521563,1.0,,N/A,0.40200492302394664,0.1671,0.7865,,,,,,,,,,,,,,
Nationwide Cohort,Diabetes (d),HIR-M3 Transformer,0.4847,0.5461,0.2646,0.3818,0.2359,0.2359,1.0,1918,0,6211,0,0.6178310740354536,0.715,0.13243827160493826,0.20604608294930876,0.13243827160493826,0.1692421772771235,1.0,,N/A,0.13213490578597661,0.2497,10.2613,,,,,,,,0.0872,0.0473,0.031,0.0949,0.0949,0.0209,0.0
Nationwide Cohort,Diabetes (d),HIR-M3 Transformer with ACT-parity,0.1567,0.5126,0.2509,0.3821,0.2375,0.2362,0.999,1916,15,6196,2,1.0,1.0,0.0,0.0,0.0,0.0,1.0,,N/A,0.0,0.1926,0.1227,,,,,,,,0.127,0.0541,0.0161,0.0,0.0,0.0,0.0
Nationwide Cohort,Diabetes (d),XGBoost + HIR-M3 Ensemble (90:10),0.4671,0.7847,0.5278,0.5354,0.7039,0.4251,0.7231,1387,4335,1876,531,0.32533889468196037,0.5238095238095238,0.22570654277971353,0.13920737327188942,0.22570654277971353,0.18245695802580147,1.0,,90:10,0.23377576073298864,0.1759,1.1002,-0.0002,-0.0012,-0.0004,-0.004,-0.1351,-0.1351,0.0007,0.0561,0.0334,0.0195,0.0891,0.0891,0.0148,0.0
Nationwide Cohort,Diabetes (d),XGBoost + HIR-M3 Ensemble (90:10) with ACT-parity,0.49,0.7831,0.5288,0.5402,0.7281,0.4494,0.6767,1298,4621,1590,620,0.3415015641293014,0.7380952380952381,0.42713844797178135,0.21601518026565464,0.42713844797178135,0.32157681411871797,1.0,,90:10,0.5263069516492569,0.1728,1.0081,0.0,-0.0,0.0006,-0.0445,-0.4647,-0.4647,-0.1624,0.007,0.0249,0.0426,0.4647,0.4647,0.3136,0.0
Nationwide Cohort,Heart Failure (hf),LightGBM baseline,0.4243,0.781,0.595,0.6177,0.6949,0.5137,0.7744,1555,2829,1472,453,0.31623505976095617,0.34579439252336447,0.06710586793320056,0.4,0.06710586793320056,0.2335529339666003,1.0,,N/A,0.03213614683942743,0.1819,0.8006,,,,,,,,,,,,,,
Nationwide Cohort,Heart Failure (hf),LightGBM with ACT-parity,0.3821,0.7704,0.5829,0.6127,0.6748,0.4933,0.8083,1623,2634,1667,385,0.31772908366533864,0.5277777777777778,0.23479645131287114,0.3087827426810478,0.23479645131287114,0.2717895969969595,1.0,,N/A,0.21555807916472636,0.1894,0.7015,,,,,,,,,,,,,,
Nationwide Cohort,Heart Failure (hf),XGBoost with ACT-parity,0.4864,0.7747,0.5824,0.6138,0.6982,0.5178,0.7535,1513,2892,1409,495,0.26643426294820716,0.4444444444444444,0.19653716820490805,0.3340523882896764,0.19653716820490805,0.26529477824729225,1.0,,N/A,0.15205468852039178,0.1906,0.8276,,,,,,,,0.0056,0.0371,0.012,0.0678,0.0678,0.002,0.0
Nationwide Cohort,Heart Failure (hf),XGBoost baseline,0.457,0.7843,0.6051,0.6175,0.6895,0.5079,0.7874,1581,2769,1532,427,0.25796812749003983,0.3333333333333333,0.1169398907103825,0.4,0.1169398907103825,0.25846994535519124,1.0,,N/A,0.06281489554647673,0.1859,0.9383,,,,,,,,0.0145,0.0269,0.0128,0.0592,0.0592,0.0666,0.0
Nationwide Cohort,Heart Failure (hf),HIR-M3 Transformer,0.4822,0.5206,0.3368,0.483,0.3189,0.3184,0.9995,2007,5,4296,1,0.10358565737051793,0.10946555054732775,0.0440449897996642,0.6923076923076923,0.0440449897996642,0.36817634105367825,1.0,,N/A,0.0007951651381706796,0.2509,2.3962,,,,,,,,0.0872,0.0473,0.031,0.0949,0.0949,0.0209,0.0
Nationwide Cohort,Heart Failure (hf),HIR-M3 Transformer with ACT-parity,0.2633,0.5134,0.328,0.4834,0.3226,0.3192,0.996,2000,35,4266,8,1.0,1.0,0.0,0.0,0.0,0.0,1.0,,N/A,0.0,0.2178,0.3538,,,,,,,,0.127,0.0541,0.0161,0.0,0.0,0.0,0.0
Nationwide Cohort,Heart Failure (hf),XGBoost + HIR-M3 Ensemble (90:10),0.4724,0.7843,0.6051,0.6174,0.6928,0.5114,0.7789,1564,2807,1494,444,0.25747011952191234,0.3333333333333333,0.1169398907103825,0.4,0.1169398907103825,0.25846994535519124,1.0,,90:10,0.06316327478345335,0.1859,1.1232,-0.0002,-0.0012,-0.0004,-0.004,-0.1351,-0.1351,0.0007,0.0561,0.0334,0.0195,0.0891,0.0891,0.0148,0.0
Nationwide Cohort,Heart Failure (hf),XGBoost + HIR-M3 Ensemble (90:10) with ACT-parity,0.4324,0.7747,0.5828,0.614,0.6811,0.4994,0.7968,1600,2697,1604,408,0.2898406374501992,0.5,0.22891178364455894,0.31864406779661014,0.22891178364455894,0.27377792572058457,1.0,,90:10,0.19785469503471118,0.186,0.9887,0.0,-0.0,0.0006,-0.0445,-0.4647,-0.4647,-0.1624,0.007,0.0249,0.0426,0.4647,0.4647,0.3136,0.0
Nationwide Cohort,Hypertension (hyp),LightGBM baseline,0.4921,0.7903,0.5188,0.5404,0.7266,0.4452,0.6875,2119,7461,2641,963,0.3254380272550292,0.5584415584415584,0.40459540459540455,0.15998140998140997,0.40459540459540455,0.28228840728840726,1.0,,N/A,0.2932374884537124,0.1713,0.8636,,,,,,,,,,,,,,
Nationwide Cohort,Hypertension (hyp),XGBoost with ACT-parity,0.521,0.7825,0.5062,0.5304,0.7187,0.4349,0.6798,2095,7380,2722,987,0.2991563919532771,0.6883116883116883,0.41574453727690186,0.31402831402831405,0.41574453727690186,0.364886425652608,1.0,,N/A,0.3857399569126166,0.1836,0.861,,,,,,,,0.0056,0.0371,0.012,0.0678,0.0678,0.002,0.0
Nationwide Cohort,Hypertension (hyp),LightGBM with ACT-parity,0.4567,0.7793,0.5052,0.5284,0.6976,0.4158,0.7249,2234,6963,3139,848,0.3293316028552888,0.8441558441558441,0.5641030039973236,0.30416130416130416,0.5641030039973236,0.4341321540793139,1.0,,N/A,0.5949468066432748,0.1793,0.7663,,,,,,,,,,,,,,
Nationwide Cohort,Hypertension (hyp),XGBoost baseline,0.5482,0.795,0.5264,0.5448,0.7435,0.4655,0.6567,2024,7778,2324,1058,0.27579493835171964,0.42857142857142855,0.19780219780219777,0.2380952380952381,0.19780219780219777,0.21794871794871795,1.0,,N/A,0.14739191359419768,0.1777,0.967,,,,,,,,0.0145,0.0269,0.0128,0.0592,0.0592,0.0666,0.0
Nationwide Cohort,Hypertension (hyp),HIR-M3 Transformer,0.439,0.5784,0.2878,0.3908,0.4192,0.2589,0.7969,2456,3071,7031,626,0.4591174561972745,0.7128205128205128,0.2856958981133354,0.2728870605833956,0.2856958981133354,0.2792914793483655,1.0,,N/A,0.21787671606383907,0.2419,0.8749,,,,,,,,0.0872,0.0473,0.031,0.0949,0.0949,0.0209,0.0
Nationwide Cohort,Hypertension (hyp),HIR-M3 Transformer with ACT-parity,0.1534,0.5236,0.2531,0.3791,0.2346,0.2339,0.9997,3081,12,10090,1,1.0,1.0,0.0,0.0,0.0,0.0,1.0,,N/A,0.0,0.1801,0.2761,,,,,,,,0.127,0.0541,0.0161,0.0,0.0,0.0,0.0
Nationwide Cohort,Hypertension (hyp),XGBoost + HIR-M3 Ensemble (90:10),0.5336,0.7948,0.526,0.545,0.7371,0.4577,0.6736,2076,7642,2460,1006,0.2774172615184945,0.4155844155844156,0.18481518481518483,0.2380952380952381,0.18481518481518483,0.21145521145521146,1.0,,90:10,0.13380934746618128,0.1778,1.1386,-0.0002,-0.0012,-0.0004,-0.004,-0.1351,-0.1351,0.0007,0.0561,0.0334,0.0195,0.0891,0.0891,0.0148,0.0
Nationwide Cohort,Hypertension (hyp),XGBoost + HIR-M3 Ensemble (90:10) with ACT-parity,0.4872,0.7826,0.5069,0.5301,0.715,0.4312,0.6879,2120,7306,2796,962,0.33257624918883844,0.7272727272727273,0.425203154397342,0.2852852852852853,0.425203154397342,0.35524421984131366,1.0,,90:10,0.47396041513515735,0.1747,1.0172,0.0,-0.0,0.0006,-0.0445,-0.4647,-0.4647,-0.1624,0.007,0.0249,0.0426,0.4647,0.4647,0.3136,0.0
Nationwide Cohort,Diabetes + Heart Failure (d+hf),LightGBM with ACT-parity,0.2702,0.7185,0.6165,0.6546,0.6223,0.5299,0.8559,1045,772,927,176,0.34725634725634724,0.3564356435643564,0.04579734569201599,0.2541125541125541,0.04579734569201599,0.14995494990228506,1.0,,N/A,0.008413146781526847,0.2209,0.5064,,,,,,,,,,,,,,
Nationwide Cohort,Diabetes + Heart Failure (d+hf),LightGBM baseline,0.3215,0.7188,0.6128,0.6669,0.6425,0.5463,0.8559,1045,831,868,176,0.3538083538083538,0.3696682464454976,0.1627716947213597,0.3392857142857143,0.1627716947213597,0.251028704503537,1.0,,N/A,0.01421064870196655,0.2185,0.5402,,,,,,,,,,,,,,
Nationwide Cohort,Diabetes + Heart Failure (d+hf),XGBoost with ACT-parity,0.3308,0.7225,0.6228,0.6589,0.6271,0.5335,0.8616,1052,779,920,169,0.30548730548730546,0.31683168316831684,0.04449125763640194,0.75,0.04449125763640194,0.39724562881820097,1.0,,N/A,0.008848330615792956,0.2137,0.6653,,,,,,,,0.0056,0.0371,0.012,0.0678,0.0678,0.002,0.0
Nationwide Cohort,Diabetes + Heart Failure (d+hf),XGBoost baseline,0.331,0.7255,0.6148,0.672,0.6349,0.5382,0.8943,1092,762,937,129,0.2800982800982801,0.2938388625592417,0.05245955221441409,0.5353773584905661,0.05245955221441409,0.2939184553524901,1.0,,N/A,0.010370450345392678,0.2109,0.7347,,,,,,,,0.0145,0.0269,0.0128,0.0592,0.0592,0.0666,0.0
Nationwide Cohort,Diabetes + Heart Failure (d+hf),HIR-M3 Transformer,0.4816,0.5334,0.4541,0.59,0.4188,0.4184,1.0,1221,2,1697,0,0.9983619983619983,1.0,0.0023696682464454666,0.018867924528301886,0.0023696682464454666,0.010618796387373676,1.0,,N/A,0.0032789344284209414,0.2481,20.2216,,,,,,,,0.0872,0.0473,0.031,0.0949,0.0949,0.0209,0.0
Nationwide Cohort,Diabetes + Heart Failure (d+hf),HIR-M3 Transformer with ACT-parity,0.3231,0.5308,0.4545,0.5897,0.4182,0.4182,1.0,1221,0,1699,0,0.9926289926289926,1.0,0.00990099009900991,0.0017406440382941688,0.00990099009900991,0.00582081706865204,1.0,,N/A,0.006242784059884383,0.2443,1.3652,,,,,,,,0.127,0.0541,0.0161,0.0,0.0,0.0,0.0
Nationwide Cohort,Diabetes + Heart Failure (d+hf),XGBoost + HIR-M3 Ensemble (90:10),0.3447,0.7255,0.6149,0.6722,0.6346,0.5379,0.896,1094,759,940,127,0.2833742833742834,0.2985781990521327,0.05719888870730508,0.5353773584905661,0.05719888870730508,0.2962881235989356,1.0,,90:10,0.011612710336589402,0.209,0.8949,-0.0002,-0.0012,-0.0004,-0.004,-0.1351,-0.1351,0.0007,0.0561,0.0334,0.0195,0.0891,0.0891,0.0148,0.0
Nationwide Cohort,Diabetes + Heart Failure (d+hf),XGBoost + HIR-M3 Ensemble (90:10) with ACT-parity,0.3333,0.7229,0.6234,0.6594,0.6271,0.5334,0.8632,1054,777,922,167,0.32432432432432434,0.3448275862068966,0.05121056493030085,0.75,0.05121056493030085,0.4006052824651504,1.0,,90:10,0.003208955291001733,0.21,0.8102,0.0,-0.0,0.0006,-0.0445,-0.4647,-0.4647,-0.1624,0.007,0.0249,0.0426,0.4647,0.4647,0.3136,0.0
Nationwide Cohort,Diabetes + Hypertension (d+hyp),LightGBM with ACT-parity,0.3537,0.7658,0.5838,0.5967,0.6617,0.479,0.7911,1526,2510,1660,403,0.37947122861586313,0.6712328767123288,0.3208737386436935,0.2901353965183752,0.3208737386436935,0.3055045675810344,1.0,,N/A,0.35283884697547824,0.1883,0.6993,,,,,,,,,,,,,,
Nationwide Cohort,Diabetes + Hypertension (d+hyp),LightGBM baseline,0.4427,0.7744,0.592,0.601,0.699,0.5174,0.717,1383,2880,1290,546,0.35303265940902023,0.4931506849315068,0.17569036747118938,0.14305750350631138,0.17569036747118938,0.1593739354887504,1.0,,N/A,0.17274525741638724,0.183,0.7682,,,,,,,,,,,,,,
Nationwide Cohort,Diabetes + Hypertension (d+hyp),XGBoost with ACT-parity,0.4342,0.7722,0.587,0.609,0.6849,0.5012,0.776,1497,2680,1490,432,0.3188180404354588,0.4657534246575342,0.17739363629774585,0.391304347826087,0.17739363629774585,0.28434899206191644,1.0,,N/A,0.15262077453917278,0.1895,0.8472,,,,,,,,0.0056,0.0371,0.012,0.0678,0.0678,0.002,0.0
Nationwide Cohort,Diabetes + Hypertension (d+hyp),XGBoost baseline,0.4566,0.7811,0.6033,0.6144,0.6937,0.5105,0.7714,1488,2743,1427,441,0.28408501814411613,0.3972602739726027,0.13271000942233818,0.24661056568489947,0.13271000942233818,0.18966028755361883,1.0,,N/A,0.10648178615895396,0.1858,0.9099,,,,,,,,0.0145,0.0269,0.0128,0.0592,0.0592,0.0666,0.0
Nationwide Cohort,Diabetes + Hypertension (d+hyp),HIR-M3 Transformer,0.5135,0.521,0.3365,0.4815,0.3304,0.3188,0.9829,1896,119,4051,33,0.0,0.0,0.0,0.005376344086021501,0.0,0.0026881720430107503,1.0,,N/A,0.0,0.259,2.4892,,,,,,,,0.0872,0.0473,0.031,0.0949,0.0949,0.0209,0.0
Nationwide Cohort,Diabetes + Hypertension (d+hyp),HIR-M3 Transformer with ACT-parity,0.274,0.5206,0.3307,0.4808,0.3432,0.3205,0.9616,1855,238,3932,74,1.0,1.0,0.0,0.0,0.0,0.0,1.0,,N/A,0.0,0.2162,0.9069,,,,,,,,0.127,0.0541,0.0161,0.0,0.0,0.0,0.0
Nationwide Cohort,Diabetes + Hypertension (d+hyp),XGBoost + HIR-M3 Ensemble (90:10),0.4639,0.7812,0.6034,0.6143,0.6939,0.5106,0.7709,1487,2745,1425,442,0.2820114048729912,0.3972602739726027,0.13800101471334347,0.24661056568489947,0.13800101471334347,0.19230579019912147,1.0,,90:10,0.10622811919294696,0.1862,1.0976,-0.0002,-0.0012,-0.0004,-0.004,-0.1351,-0.1351,0.0007,0.0561,0.0334,0.0195,0.0891,0.0891,0.0148,0.0
Nationwide Cohort,Diabetes + Hypertension (d+hyp),XGBoost + HIR-M3 Ensemble (90:10) with ACT-parity,0.4217,0.7723,0.5873,0.6085,0.6852,0.5015,0.7735,1492,2687,1483,437,0.35666148263348885,0.5205479452054794,0.1925056171631514,0.34782608695652173,0.1925056171631514,0.27016585205983656,1.0,,90:10,0.19539352658929426,0.1847,1.007,0.0,-0.0,0.0006,-0.0445,-0.4647,-0.4647,-0.1624,0.007,0.0249,0.0426,0.4647,0.4647,0.3136,0.0
Nationwide Cohort,Heart Failure + Hypertension (hf+hyp),LightGBM baseline,0.4104,0.7634,0.6036,0.6313,0.673,0.5202,0.8026,2326,3267,2145,572,0.3033126293995859,0.4,0.10167286245353163,0.2242562929061785,0.10167286245353163,0.16296457767985506,1.0,,N/A,0.09022305876925603,0.1925,0.7883,,,,,,,,,,,,,,
Nationwide Cohort,Heart Failure + Hypertension (hf+hyp),LightGBM with ACT-parity,0.3501,0.7485,0.5785,0.6156,0.6412,0.4914,0.824,2388,2940,2472,510,0.32091097308488614,0.5166666666666667,0.2188042131350682,0.21842625852464992,0.2188042131350682,0.21861523582985906,1.0,,N/A,0.1843404188300817,0.2017,0.6512,,,,,,,,,,,,,,
Nationwide Cohort,Heart Failure + Hypertension (hf+hyp),XGBoost baseline,0.4159,0.7686,0.6091,0.6343,0.6677,0.5147,0.8261,2394,3155,2257,504,0.2577639751552795,0.38333333333333336,0.13100991325898392,0.15119934792734047,0.13100991325898392,0.1411046305931622,1.0,,N/A,0.09797674467045868,0.1932,0.8938,,,,,,,,0.0145,0.0269,0.0128,0.0592,0.0592,0.0666,0.0
Nationwide Cohort,Heart Failure + Hypertension (hf+hyp),XGBoost with ACT-parity,0.4105,0.7513,0.5833,0.6195,0.6509,0.4997,0.815,2362,3047,2365,536,0.29330572808833677,0.5166666666666667,0.23599752168525406,0.24414337029517413,0.23599752168525406,0.2400704459902141,1.0,,N/A,0.18476852252528006,0.2008,0.7598,,,,,,,,0.0056,0.0371,0.012,0.0678,0.0678,0.002,0.0
Nationwide Cohort,Heart Failure + Hypertension (hf+hyp),HIR-M3 Transformer,0.4029,0.6097,0.4609,0.5178,0.3785,0.3549,0.9569,2773,372,5040,125,0.5403726708074534,0.5816733067729084,0.12605200499776048,0.21277414390150057,0.12605200499776048,0.16941307444963052,1.0,,N/A,0.05247773157888354,0.2472,0.9133,,,,,,,,0.0872,0.0473,0.031,0.0949,0.0949,0.0209,0.0
Nationwide Cohort,Heart Failure + Hypertension (hf+hyp),HIR-M3 Transformer with ACT-parity,0.2422,0.5641,0.3868,0.5176,0.3511,0.3494,0.9983,2893,25,5387,5,0.9993098688750862,1.0,0.0019920318725099584,0.0034619188921859545,0.0019920318725099584,0.0027269753823479567,1.0,,N/A,0.001744140922651783,0.2279,0.7834,,,,,,,,0.127,0.0541,0.0161,0.0,0.0,0.0,0.0
Nationwide Cohort,Heart Failure + Hypertension (hf+hyp),XGBoost + HIR-M3 Ensemble (90:10),0.4128,0.769,0.6085,0.6324,0.662,0.5094,0.8337,2416,3085,2327,482,0.2567287784679089,0.38333333333333336,0.13054522924411405,0.15341173730787144,0.13054522924411405,0.14197848327599275,1.0,,90:10,0.09850752633623652,0.1933,1.0423,-0.0002,-0.0012,-0.0004,-0.004,-0.1351,-0.1351,0.0007,0.0561,0.0334,0.0195,0.0891,0.0891,0.0148,0.0
Nationwide Cohort,Heart Failure + Hypertension (hf+hyp),XGBoost + HIR-M3 Ensemble (90:10) with ACT-parity,0.4034,0.7515,0.5834,0.6202,0.6531,0.5016,0.8123,2354,3073,2339,544,0.32056590752242925,0.5666666666666667,0.25997521685254027,0.21793169868290907,0.25997521685254027,0.23895345776772467,1.0,,90:10,0.22972747677305555,0.1956,0.9087,0.0,-0.0,0.0006,-0.0445,-0.4647,-0.4647,-0.1624,0.007,0.0249,0.0426,0.4647,0.4647,0.3136,0.0
Nationwide Cohort,Diabetes + Heart Failure + Hypertension (d+hf+hyp),LightGBM baseline,0.2815,0.7301,0.6349,0.6758,0.6493,0.5598,0.8522,842,654,662,146,0.3299595141700405,0.4642857142857143,0.14141575912876364,0.16287878787878785,0.14141575912876364,0.15214727350377574,1.0,,N/A,0.010337550039990163,0.2171,0.5107,,,,,,,,,,,,,,
Nationwide Cohort,Diabetes + Heart Failure + Hypertension (d+hf+hyp),LightGBM with ACT-parity,0.2195,0.7242,0.6294,0.6757,0.6345,0.5454,0.8877,877,585,731,111,0.3491902834008097,0.42857142857142855,0.09673286354900701,0.2746212121212121,0.09673286354900701,0.18567703783510955,1.0,,N/A,0.04939807382309457,0.2225,0.4754,,,,,,,,,,,,,,
Nationwide Cohort,Diabetes + Heart Failure + Hypertension (d+hf+hyp),XGBoost baseline,0.2739,0.7302,0.6371,0.6752,0.6259,0.5378,0.9069,896,546,770,92,0.29048582995951416,0.39285714285714285,0.141736066623959,0.19787948771782488,0.141736066623959,0.16980777717089193,1.0,,N/A,0.021142352658815724,0.2099,0.7034,,,,,,,,0.0145,0.0269,0.0128,0.0592,0.0592,0.0666,0.0
Nationwide Cohort,Diabetes + Heart Failure + Hypertension (d+hf+hyp),XGBoost with ACT-parity,0.3615,0.729,0.639,0.6753,0.6528,0.5637,0.8421,832,672,644,156,0.305668016194332,0.42857142857142855,0.13472527472527468,0.4356060606060606,0.13472527472527468,0.28516566766566764,1.0,,N/A,0.014013611316623195,0.2122,0.6746,,,,,,,,0.0056,0.0371,0.012,0.0678,0.0678,0.002,0.0
Nationwide Cohort,Diabetes + Heart Failure + Hypertension (d+hf+hyp),HIR-M3 Transformer,0.451,0.5284,0.4489,0.6008,0.4301,0.4294,1.0,988,3,1313,0,0.06578947368421052,0.14285714285714285,0.0940766550522648,0.07692307692307687,0.0940766550522648,0.08549986598767084,1.0,,N/A,0.0,0.2513,1.2027,,,,,,,,0.0872,0.0473,0.031,0.0949,0.0949,0.0209,0.0
Nationwide Cohort,Diabetes + Heart Failure + Hypertension (d+hf+hyp),HIR-M3 Transformer with ACT-parity,0.2159,0.5207,0.4414,0.6008,0.4301,0.4294,1.0,988,3,1313,0,0.958502024291498,0.9878048780487805,0.09494773519163757,0.041666666666666664,0.09494773519163757,0.06830720092915211,1.0,,N/A,0.0545730472091614,0.2455,0.4524,,,,,,,,0.127,0.0541,0.0161,0.0,0.0,0.0,0.0
Nationwide Cohort,Diabetes + Heart Failure + Hypertension (d+hf+hyp),XGBoost + HIR-M3 Ensemble (90:10),0.2965,0.7303,0.6368,0.6755,0.6259,0.5378,0.9079,897,545,771,91,0.29048582995951416,0.39285714285714285,0.141736066623959,0.19787948771782488,0.141736066623959,0.16980777717089193,1.0,,90:10,0.021142352658815724,0.208,0.8631,-0.0002,-0.0012,-0.0004,-0.004,-0.1351,-0.1351,0.0007,0.0561,0.0334,0.0195,0.0891,0.0891,0.0148,0.0
Nationwide Cohort,Diabetes + Heart Failure + Hypertension (d+hf+hyp),XGBoost + HIR-M3 Ensemble (90:10) with ACT-parity,0.3856,0.7291,0.6391,0.6752,0.6597,0.5715,0.8249,815,705,611,173,0.3228744939271255,0.4642857142857143,0.15197802197802202,0.4356060606060606,0.15197802197802202,0.2937920412920413,1.0,,90:10,0.01527074981766262,0.2089,0.8155,0.0,-0.0,0.0006,-0.0445,-0.4647,-0.4647,-0.1624,0.007,0.0249,0.0426,0.4647,0.4647,0.3136,0.0
Texas Cohort,Overall,CatBoost with ACT-parity,0.6555,0.8076,0.4309,0.4576,0.8199,0.4105,0.5169,949,9291,1363,887,0.2903050108932462,0.7727272727272727,0.5131852879944483,0.28012048192771083,0.5131852879944483,0.39665288496107953,1.0,0.0,N/A,0.022981128324765718,0.1713,0.9248,,,,,,,,,,,,,,
Texas Cohort,Overall,CatBoost baseline,0.5927,0.8147,0.454,0.4665,0.7861,0.3682,0.6362,1168,8650,2004,668,0.2559912854030501,0.36363636363636365,0.17279666897987508,0.2755477651183173,0.17279666897987508,0.22417221704909618,1.0,0.0,N/A,0.011195084300815918,0.1707,1.0155,,,,,,,,,,,,,,
Texas Cohort,Overall,XGBoost with ACT-parity,0.5568,0.808,0.4334,0.4593,0.7849,0.3643,0.6215,1141,8663,1991,695,0.3202614379084967,0.7272727272727273,0.4291958041958042,0.24767337135995196,0.4291958041958042,0.3384345877778781,1.0,0.0,N/A,0.04814441751740792,0.1603,0.8259,,,,,,,,0.0056,0.0371,0.012,0.0678,0.0678,0.002,0.0
Texas Cohort,Overall,XGBoost baseline,0.5736,0.8096,0.4436,0.4619,0.7941,0.375,0.6013,1104,8814,1840,732,0.3142701525054466,0.5,0.2633587786259542,0.2684195150452819,0.2633587786259542,0.26588914683561804,1.0,0.0,N/A,0.02615403739330097,0.1562,0.878,,,,,,,,0.0145,0.0269,0.0128,0.0592,0.0592,0.0666,0.0
Texas Cohort,Overall,HIR-M3 Transformer,0.5067,0.6191,0.2158,0.302,0.638,0.2107,0.5327,978,6991,3663,858,0.4493464052287582,0.5,0.09923664122137404,0.4432234432234432,0.09923664122137404,0.27123004222240865,1.0,0.0,N/A,0.01249954371912393,0.2335,0.9499,,,,,,,,0.0872,0.0473,0.031,0.0949,0.0949,0.0209,0.0
Texas Cohort,Overall,HIR-M3 Transformer with ACT-parity,0.1106,0.528,0.1622,0.2574,0.1685,0.1481,0.9804,1800,304,10350,36,1.0,1.0,0.0,0.0,0.0,0.0,1.0,0.0,N/A,0.0,0.1254,0.7865,,,,,,,,0.127,0.0541,0.0161,0.0,0.0,0.0,0.0
Texas Cohort,Overall,XGBoost + HIR-M3 Ensemble (30:70),0.5192,0.7678,0.3822,0.4249,0.7741,0.3395,0.5675,1042,8627,2027,794,0.37254901960784315,0.5454545454545454,0.24011103400416373,0.13471933471933473,0.24011103400416373,0.18741518436174923,1.0,0.0,30:70,0.03249917516917441,0.1925,1.9399,-0.0418,-0.0614,-0.0371,-0.0363,-0.1409,-0.1409,0.1337,,,,,,,
Texas Cohort,Overall,XGBoost + HIR-M3 Ensemble (30:70) with ACT-parity,0.2639,0.8066,0.4212,0.4599,0.7903,0.3701,0.6073,1115,8756,1898,721,1.0,1.0,0.0,0.0,0.0,0.0,1.0,0.0,30:70,0.0,0.1112,2.4856,-0.0014,-0.0122,0.0005,0.0142,0.0,0.0,0.0,,,,,,,
Texas Cohort,Urban,CatBoost with ACT-parity,0.6555,0.8076,0.4309,0.4576,0.8199,0.4105,0.5169,949,9291,1363,887,0.2903050108932462,0.7727272727272727,0.5131852879944483,0.28012048192771083,0.5131852879944483,0.39665288496107953,1.0,,N/A,0.022981128324765718,0.1713,0.9248,,,,,,,,,,,,,,
Texas Cohort,Urban,CatBoost baseline,0.5927,0.8147,0.454,0.4665,0.7861,0.3682,0.6362,1168,8650,2004,668,0.2559912854030501,0.36363636363636365,0.17279666897987508,0.2755477651183173,0.17279666897987508,0.22417221704909618,1.0,,N/A,0.011195084300815918,0.1707,1.0155,,,,,,,,,,,,,,
Texas Cohort,Urban,XGBoost baseline,0.5736,0.8096,0.4436,0.4619,0.7941,0.375,0.6013,1104,8814,1840,732,0.3142701525054466,0.5,0.2633587786259542,0.2684195150452819,0.2633587786259542,0.26588914683561804,1.0,,N/A,0.02615403739330097,0.1562,0.878,,,,,,,,0.0145,0.0269,0.0128,0.0592,0.0592,0.0666,0.0
Texas Cohort,Urban,XGBoost with ACT-parity,0.5568,0.808,0.4334,0.4593,0.7849,0.3643,0.6215,1141,8663,1991,695,0.3202614379084967,0.7272727272727273,0.4291958041958042,0.24767337135995196,0.4291958041958042,0.3384345877778781,1.0,,N/A,0.04814441751740792,0.1603,0.8259,,,,,,,,0.0056,0.0371,0.012,0.0678,0.0678,0.002,0.0
Texas Cohort,Urban,HIR-M3 Transformer,0.4863,0.618,0.2144,0.2994,0.6107,0.2036,0.5659,1039,6589,4065,797,0.4940087145969499,0.5017482517482518,0.047549778465809045,0.2710622710622711,0.047549778465809045,0.15930602476404007,1.0,,N/A,0.009638410358918624,0.2331,1.1161,,,,,,,,0.0872,0.0473,0.031,0.0949,0.0949,0.0209,0.0
Texas Cohort,Urban,HIR-M3 Transformer with ACT-parity,0.1205,0.5361,0.1666,0.2588,0.2331,0.1508,0.9107,1672,1240,9414,164,1.0,1.0,0.0,0.0,0.0,0.0,1.0,,N/A,0.0,0.1251,0.9259,,,,,,,,0.127,0.0541,0.0161,0.0,0.0,0.0,0.0
Texas Cohort,Urban,XGBoost + HIR-M3 Ensemble (30:70),0.5143,0.7763,0.3905,0.4322,0.7738,0.3425,0.5855,1075,8590,2064,761,0.3741830065359477,0.5,0.19083969465648853,0.14012474012474013,0.19083969465648853,0.16548221739061433,1.0,,30:70,0.041385274054434006,0.1923,2.1751,-0.0418,-0.0614,-0.0371,-0.0363,-0.1409,-0.1409,0.1337,,,,,,,
Texas Cohort,Urban,XGBoost + HIR-M3 Ensemble (30:70) with ACT-parity,0.2676,0.8078,0.4211,0.4582,0.7861,0.365,0.6155,1130,8688,1966,706,1.0,1.0,0.0,0.0,0.0,0.0,1.0,,30:70,0.0,0.1117,2.5473,-0.0014,-0.0122,0.0005,0.0142,0.0,0.0,0.0,,,,,,,
Texas Cohort,Rural,CatBoost with ACT-parity,0.6555,0.8076,0.4309,0.4576,0.8199,0.4105,0.5169,949,9291,1363,887,0.2903050108932462,0.7727272727272727,0.5131852879944483,0.28012048192771083,0.5131852879944483,0.39665288496107953,1.0,,N/A,0.022981128324765718,0.1713,0.9248,,,,,,,,,,,,,,
Texas Cohort,Rural,CatBoost baseline,0.5927,0.8147,0.454,0.4665,0.7861,0.3682,0.6362,1168,8650,2004,668,0.2559912854030501,0.36363636363636365,0.17279666897987508,0.2755477651183173,0.17279666897987508,0.22417221704909618,1.0,,N/A,0.011195084300815918,0.1707,1.0155,,,,,,,,,,,,,,
Texas Cohort,Rural,XGBoost baseline,0.5736,0.8096,0.4436,0.4619,0.7941,0.375,0.6013,1104,8814,1840,732,0.3142701525054466,0.5,0.2633587786259542,0.2684195150452819,0.2633587786259542,0.26588914683561804,1.0,,N/A,0.02615403739330097,0.1562,0.878,,,,,,,,0.0145,0.0269,0.0128,0.0592,0.0592,0.0666,0.0
Texas Cohort,Rural,XGBoost with ACT-parity,0.5568,0.808,0.4334,0.4593,0.7849,0.3643,0.6215,1141,8663,1991,695,0.3202614379084967,0.7272727272727273,0.4291958041958042,0.24767337135995196,0.4291958041958042,0.3384345877778781,1.0,,N/A,0.04814441751740792,0.1603,0.8259,,,,,,,,0.0056,0.0371,0.012,0.0678,0.0678,0.002,0.0
Texas Cohort,Rural,HIR-M3 Transformer,0.5049,0.6204,0.2153,0.3015,0.6383,0.2105,0.531,975,6997,3657,861,0.45588235294117646,0.5,0.09923664122137404,0.4432234432234432,0.09923664122137404,0.27123004222240865,1.0,,N/A,0.016056490895701197,0.2376,0.9797,,,,,,,,0.0872,0.0473,0.031,0.0949,0.0949,0.0209,0.0
Texas Cohort,Rural,HIR-M3 Transformer with ACT-parity,0.1074,0.5317,0.1635,0.2574,0.1556,0.1478,0.9956,1828,116,10538,8,1.0,1.0,0.0,0.0,0.0,0.0,1.0,,N/A,0.0,0.1254,0.5192,,,,,,,,0.127,0.0541,0.0161,0.0,0.0,0.0,0.0
Texas Cohort,Rural,XGBoost + HIR-M3 Ensemble (30:70),0.512,0.7703,0.3824,0.4287,0.7632,0.3321,0.6046,1110,8422,2232,726,0.36056644880174293,0.5454545454545454,0.25156141568355306,0.11795831976554866,0.25156141568355306,0.18475986772455086,1.0,,30:70,0.034195277710339284,0.195,1.9812,-0.0418,-0.0614,-0.0371,-0.0363,-0.1409,-0.1409,0.1337,,,,,,,
Texas Cohort,Rural,XGBoost + HIR-M3 Ensemble (30:70) with ACT-parity,0.2629,0.8036,0.4073,0.4575,0.7738,0.3533,0.6487,1191,8474,2180,645,1.0,1.0,0.0,0.0,0.0,0.0,1.0,,30:70,0.0,0.1121,2.4672,-0.0014,-0.0122,0.0005,0.0142,0.0,0.0,0.0,,,,,,,
Texas Cohort,Diabetes (d),CatBoost with ACT-parity,0.4538,0.809,0.5622,0.57,0.7413,0.4765,0.7093,344,1143,378,141,0.3711340206185567,0.4258064516129032,0.11576278349063246,0.16867088607594938,0.11576278349063246,0.14221683478329092,1.0,,N/A,0.09357387986751034,0.1601,0.9564,,,,,,,,,,,,,,
Texas Cohort,Diabetes (d),CatBoost baseline,0.3961,0.8063,0.5498,0.5644,0.6999,0.4348,0.8041,390,1014,507,95,0.3525773195876289,0.432258064516129,0.16051893408134643,0.12018140589569162,0.16051893408134643,0.140350169988519,1.0,,N/A,0.11979215892171977,0.1629,0.9865,,,,,,,,,,,,,,
Texas Cohort,Diabetes (d),XGBoost with ACT-parity,0.4246,0.7964,0.5312,0.5613,0.7413,0.4756,0.6845,332,1155,366,153,0.41855670103092785,0.49032258064516127,0.13661079025214817,0.1322784810126582,0.13661079025214817,0.1344446356324032,1.0,,N/A,0.14410769475546736,0.1597,0.7269,,,,,,,,0.0056,0.0371,0.012,0.0678,0.0678,0.002,0.0
Texas Cohort,Diabetes (d),XGBoost baseline,0.3328,0.7969,0.5424,0.5551,0.6939,0.4279,0.7897,383,1009,512,102,0.44123711340206184,0.4967741935483871,0.1037610931117059,0.07029478458049884,0.1037610931117059,0.08702793884610237,1.0,,N/A,0.11838261685800607,0.1583,0.7438,,,,,,,,0.0145,0.0269,0.0128,0.0592,0.0592,0.0666,0.0
Texas Cohort,Diabetes (d),HIR-M3 Transformer,0.4558,0.5846,0.2979,0.4068,0.4227,0.2706,0.8186,397,451,1070,88,0.7546391752577319,0.8258064516129032,0.10964924637272855,0.14651898734177216,0.10964924637272855,0.12808411685725035,1.0,,N/A,0.15415673467636504,0.2323,1.9158,,,,,,,,0.0872,0.0473,0.031,0.0949,0.0949,0.0209,0.0
Texas Cohort,Diabetes (d),HIR-M3 Transformer with ACT-parity,0.1138,0.4992,0.2422,0.3916,0.2532,0.2438,0.9938,482,26,1495,3,1.0,1.0,0.0,0.0,0.0,0.0,1.0,,N/A,0.0,0.1886,0.1113,,,,,,,,0.127,0.0541,0.0161,0.0,0.0,0.0,0.0
Texas Cohort,Diabetes (d),XGBoost + HIR-M3 Ensemble (30:70),0.4375,0.788,0.5332,0.5494,0.7024,0.4333,0.7505,364,1045,476,121,0.5030927835051546,0.5483870967741935,0.07677137625017605,0.060657596371882075,0.07677137625017605,0.06871448631102905,1.0,,30:70,0.11770365482508488,0.1911,3.0033,-0.0418,-0.0614,-0.0371,-0.0363,-0.1409,-0.1409,0.1337,,,,,,,
Texas Cohort,Diabetes (d),XGBoost + HIR-M3 Ensemble (30:70) with ACT-parity,0.2291,0.782,0.5153,0.5537,0.6994,0.4319,0.7711,374,1029,492,111,1.0,1.0,0.0,0.0,0.0,0.0,1.0,,30:70,0.0,0.1596,2.3292,-0.0014,-0.0122,0.0005,0.0142,0.0,0.0,0.0,,,,,,,
Texas Cohort,Heart Failure (hf),CatBoost with ACT-parity,0.2397,0.7318,0.6222,0.655,0.6128,0.505,0.9321,357,238,350,26,0.381201044386423,0.39669421487603307,0.11544421487603307,0.06759517177344476,0.11544421487603307,0.09151969332473892,1.0,,N/A,0.015183139199799583,0.2083,0.7036,,,,,,,,,,,,,,
Texas Cohort,Heart Failure (hf),CatBoost baseline,0.2176,0.7538,0.6496,0.6547,0.6035,0.4986,0.953,365,221,367,18,0.3472584856396867,0.3677685950413223,0.0924062762007426,0.04999999999999999,0.0924062762007426,0.0712031381003713,1.0,,N/A,0.02024075617779284,0.1972,0.7983,,,,,,,,,,,,,,
Texas Cohort,Heart Failure (hf),XGBoost with ACT-parity,0.2313,0.7473,0.6343,0.6499,0.6272,0.5161,0.8773,336,273,315,47,0.381201044386423,0.43478260869565216,0.10665760869565216,0.1333333333333333,0.10665760869565216,0.11999547101449273,1.0,,N/A,0.0598315117806385,0.2058,0.5806,,,,,,,,0.0056,0.0371,0.012,0.0678,0.0678,0.002,0.0
Texas Cohort,Heart Failure (hf),XGBoost baseline,0.1733,0.7551,0.6578,0.651,0.6169,0.5081,0.906,347,252,336,36,0.412532637075718,0.4297520661157025,0.08600206611570249,0.154874651810585,0.08600206611570249,0.12043835896314374,1.0,,N/A,0.020880784782172323,0.2043,0.5557,,,,,,,,0.0145,0.0269,0.0128,0.0592,0.0592,0.0666,0.0
Texas Cohort,Heart Failure (hf),HIR-M3 Transformer,0.5204,0.5405,0.4275,0.5661,0.3955,0.3948,1.0,383,1,587,0,0.0,0.0,0.0,0.0,0.0,0.0,1.0,,N/A,0.0,0.2822,0.9942,,,,,,,,0.0872,0.0473,0.031,0.0949,0.0949,0.0209,0.0
Texas Cohort,Heart Failure (hf),HIR-M3 Transformer with ACT-parity,0.3256,0.5223,0.4149,0.5661,0.3955,0.3948,1.0,383,1,587,0,0.9660574412532638,0.9855072463768116,0.030961791831357055,0.11940575673166202,0.030961791831357055,0.07518377428150955,1.0,,N/A,0.04032107510798474,0.239,0.4591,,,,,,,,0.127,0.0541,0.0161,0.0,0.0,0.0,0.0
Texas Cohort,Heart Failure (hf),XGBoost + HIR-M3 Ensemble (30:70),0.4748,0.7528,0.6566,0.6458,0.6148,0.5067,0.8903,341,256,332,42,0.206266318537859,0.21487603305785125,0.058626033057851246,0.026485608170844888,0.058626033057851246,0.04255582061434807,1.0,,30:70,0.00412323386893744,0.2315,2.559,-0.0418,-0.0614,-0.0371,-0.0363,-0.1409,-0.1409,0.1337,,,,,,,
Texas Cohort,Heart Failure (hf),XGBoost + HIR-M3 Ensemble (30:70) with ACT-parity,0.3385,0.739,0.6117,0.6445,0.6138,0.506,0.8877,340,256,332,43,0.6814621409921671,0.7101449275362319,0.06951992753623193,0.04166666666666667,0.06951992753623193,0.0555932971014493,1.0,,30:70,0.0560765577720776,0.2111,2.337,-0.0014,-0.0122,0.0005,0.0142,0.0,0.0,0.0,,,,,,,
Texas Cohort,Hypertension (hyp),CatBoost with ACT-parity,0.515,0.7879,0.5348,0.5507,0.726,0.4606,0.6847,543,1804,636,250,0.3026481715006305,0.8333333333333334,0.5695035460992908,0.2980624638519376,0.5695035460992908,0.4337830049756142,1.0,,N/A,0.07299436038719297,0.1818,0.9016,,,,,,,,,,,,,,
Texas Cohort,Hypertension (hyp),CatBoost baseline,0.5166,0.7977,0.5503,0.561,0.7294,0.4658,0.7049,559,1799,641,234,0.27364438839848676,0.3046875,0.04031968390804597,0.22692307692307695,0.04031968390804597,0.13362138041556146,1.0,,N/A,0.030202194299458487,0.1783,0.9939,,,,,,,,,,,,,,
Texas Cohort,Hypertension (hyp),XGBoost with ACT-parity,0.4244,0.7873,0.5369,0.5422,0.6814,0.4187,0.7692,610,1593,847,183,0.3379571248423707,0.8888888888888888,0.5931442080378251,0.2765760555234239,0.5931442080378251,0.4348601317806245,1.0,,N/A,0.11528133632135415,0.1773,0.7668,,,,,,,,0.0056,0.0371,0.012,0.0678,0.0678,0.002,0.0
Texas Cohort,Hypertension (hyp),XGBoost baseline,0.5276,0.7845,0.5258,0.5462,0.7374,0.474,0.6444,511,1873,567,282,0.32156368221941994,0.3888888888888889,0.09578544061302685,0.10962984384037017,0.09578544061302685,0.10270764222669851,1.0,,N/A,0.007595633057114067,0.1751,0.755,,,,,,,,0.0145,0.0269,0.0128,0.0592,0.0592,0.0666,0.0
Texas Cohort,Hypertension (hyp),HIR-M3 Transformer,0.4635,0.5584,0.2925,0.3979,0.2651,0.249,0.9899,785,72,2368,8,0.9546027742749055,1.0,0.057446808510638325,0.032330827067669175,0.057446808510638325,0.044888817789153754,1.0,,N/A,0.06851907856433934,0.2411,5.6145,,,,,,,,0.0872,0.0473,0.031,0.0949,0.0949,0.0209,0.0
Texas Cohort,Hypertension (hyp),HIR-M3 Transformer with ACT-parity,0.1224,0.5426,0.2677,0.3974,0.3526,0.2575,0.8701,690,450,1990,103,1.0,1.0,0.0,0.0,0.0,0.0,1.0,,N/A,0.0,0.1917,0.4258,,,,,,,,0.127,0.0541,0.0161,0.0,0.0,0.0,0.0
Texas Cohort,Hypertension (hyp),XGBoost + HIR-M3 Ensemble (30:70),0.4979,0.784,0.5214,0.5482,0.7405,0.4784,0.6419,509,1885,555,284,0.3707440100882724,0.4444444444444444,0.1111111111111111,0.13609022556390976,0.1111111111111111,0.12360066833751043,1.0,,30:70,0.018596572478469967,0.2032,3.4067,-0.0418,-0.0614,-0.0371,-0.0363,-0.1409,-0.1409,0.1337,,,,,,,
Texas Cohort,Hypertension (hyp),XGBoost + HIR-M3 Ensemble (30:70) with ACT-parity,0.255,0.7768,0.5175,0.542,0.7083,0.4408,0.7037,558,1732,708,235,1.0,1.0,0.0,0.0,0.0,0.0,1.0,,30:70,0.0,0.1609,2.2271,-0.0014,-0.0122,0.0005,0.0142,0.0,0.0,0.0,,,,,,,
Texas Cohort,Diabetes + Heart Failure (d+hf),CatBoost with ACT-parity,0.305,0.7681,0.7353,0.7326,0.7008,0.641,0.8547,100,71,56,17,0.3247863247863248,0.4117647058823529,0.17843137254901958,0.1264367816091954,0.17843137254901958,0.1524340770791075,1.0,,N/A,0.1001920099646099,0.1988,0.7512,,,,,,,,,,,,,,
Texas Cohort,Diabetes + Heart Failure (d+hf),CatBoost baseline,0.2945,0.781,0.7394,0.7609,0.7295,0.6604,0.8974,105,73,54,12,0.29914529914529914,0.3235294117647059,0.09019607843137256,0.10721247563352826,0.09019607843137256,0.09870427703245041,1.0,,N/A,0.022770502726344972,0.1949,0.6598,,,,,,,,,,,,,,
Texas Cohort,Diabetes + Heart Failure (d+hf),XGBoost with ACT-parity,0.4685,0.7983,0.7527,0.7419,0.7377,0.7023,0.7863,92,88,39,25,0.24786324786324787,0.28,0.08000000000000002,0.22030651340996166,0.08000000000000002,0.15015325670498084,1.0,,N/A,0.03127812911020042,0.192,0.5707,,,,,,,,0.0056,0.0371,0.012,0.0678,0.0678,0.002,0.0
Texas Cohort,Diabetes + Heart Failure (d+hf),XGBoost baseline,0.2979,0.7812,0.7432,0.738,0.709,0.6494,0.8547,100,73,54,17,0.26495726495726496,0.3,0.09999999999999998,0.185823754789272,0.09999999999999998,0.14291187739463598,1.0,,N/A,0.03302304174126601,0.2062,0.4528,,,,,,,,0.0145,0.0269,0.0128,0.0592,0.0592,0.0666,0.0
Texas Cohort,Diabetes + Heart Failure (d+hf),HIR-M3 Transformer,0.5288,0.4505,0.4597,0.6518,0.4877,0.4835,1.0,117,2,125,0,0.0,0.0,0.0,0.0,0.0,0.0,1.0,,N/A,0.0,0.2639,-1.5211,,,,,,,,0.0872,0.0473,0.031,0.0949,0.0949,0.0209,0.0
Texas Cohort,Diabetes + Heart Failure (d+hf),HIR-M3 Transformer with ACT-parity,0.491,0.524,0.5172,0.6482,0.4795,0.4795,1.0,117,0,127,0,0.5726495726495726,0.6333333333333333,0.16274509803921566,0.20272904483430798,0.16274509803921566,0.18273707143676182,1.0,,N/A,0.05658437669340126,0.2497,3.239,,,,,,,,0.127,0.0541,0.0161,0.0,0.0,0.0,0.0
Texas Cohort,Diabetes + Heart Failure (d+hf),XGBoost + HIR-M3 Ensemble (30:70),0.4716,0.7662,0.721,0.742,0.7008,0.6325,0.8974,105,66,61,12,0.15384615384615385,0.2,0.1,0.3352826510721248,0.1,0.2176413255360624,1.0,,30:70,0.02248420231136765,0.2175,2.331,-0.0418,-0.0614,-0.0371,-0.0363,-0.1409,-0.1409,0.1337,,,,,,,
Texas Cohort,Diabetes + Heart Failure (d+hf),XGBoost + HIR-M3 Ensemble (30:70) with ACT-parity,0.4679,0.7982,0.7496,0.7431,0.7336,0.6912,0.8034,94,85,42,23,0.24786324786324787,0.28,0.08000000000000002,0.2375478927203065,0.08000000000000002,0.15877394636015324,1.0,,30:70,0.0322089911157839,0.2079,2.889,-0.0014,-0.0122,0.0005,0.0142,0.0,0.0,0.0,,,,,,,
Texas Cohort,Diabetes + Hypertension (d+hyp),CatBoost baseline,0.3063,0.7672,0.6137,0.6226,0.6354,0.4763,0.8988,231,257,254,26,0.36186770428015563,0.41509433962264153,0.09366576819407008,0.045566502463054215,0.09366576819407008,0.06961613532856215,1.0,,N/A,0.05872430624999696,0.1873,0.8185,,,,,,,,,,,,,,
Texas Cohort,Diabetes + Hypertension (d+hyp),CatBoost with ACT-parity,0.3415,0.7533,0.6025,0.6054,0.6367,0.4756,0.8327,214,275,236,43,0.3346303501945525,0.4339622641509434,0.16610512129380056,0.08990147783251229,0.16610512129380056,0.12800329956315643,1.0,,N/A,0.09105437010288883,0.1961,0.7631,,,,,,,,,,,,,,
Texas Cohort,Diabetes + Hypertension (d+hyp),XGBoost with ACT-parity,0.2983,0.7477,0.5867,0.6012,0.6406,0.4782,0.8093,208,284,227,49,0.4280155642023346,0.4716981132075472,0.07884097035040433,0.21336206896551724,0.07884097035040433,0.14610151965796078,1.0,,N/A,0.055178541512063806,0.2001,0.534,,,,,,,,0.0056,0.0371,0.012,0.0678,0.0678,0.002,0.0
Texas Cohort,Diabetes + Hypertension (d+hyp),XGBoost baseline,0.2615,0.7495,0.5888,0.6028,0.6328,0.4724,0.8327,214,272,239,43,0.4474708171206226,0.4716981132075472,0.034198113207547176,0.15578817733990147,0.034198113207547176,0.09499314527372432,1.0,,N/A,0.031685721610181676,0.1981,0.5293,,,,,,,,0.0145,0.0269,0.0128,0.0592,0.0592,0.0666,0.0
Texas Cohort,Diabetes + Hypertension (d+hyp),HIR-M3 Transformer,0.5516,0.5031,0.3557,0.5025,0.3424,0.3364,0.9922,255,8,503,2,0.0038910505836575876,0.011904761904761904,0.011904761904761904,0.0,0.011904761904761904,0.005952380952380952,1.0,,N/A,4.1324503216705765e-05,0.2761,0.9323,,,,,,,,0.0872,0.0473,0.031,0.0949,0.0949,0.0209,0.0
Texas Cohort,Diabetes + Hypertension (d+hyp),HIR-M3 Transformer with ACT-parity,0.3957,0.5213,0.3544,0.5076,0.4062,0.3513,0.9144,235,77,434,22,1.0,1.0,0.0,0.0,0.0,0.0,1.0,,N/A,0.0,0.2299,0.6197,,,,,,,,0.127,0.0541,0.0161,0.0,0.0,0.0,0.0
Texas Cohort,Diabetes + Hypertension (d+hyp),XGBoost + HIR-M3 Ensemble (30:70),0.4797,0.7478,0.5867,0.5997,0.6367,0.475,0.8132,209,280,231,48,0.2840466926070039,0.32075471698113206,0.05289757412398921,0.17487046632124353,0.05289757412398921,0.11388402022261637,1.0,,30:70,0.02618512056259215,0.2269,2.5682,-0.0418,-0.0614,-0.0371,-0.0363,-0.1409,-0.1409,0.1337,,,,,,,
Texas Cohort,Diabetes + Hypertension (d+hyp),XGBoost + HIR-M3 Ensemble (30:70) with ACT-parity,0.357,0.7424,0.5658,0.6053,0.6094,0.4573,0.8949,230,238,273,27,0.6147859922178989,0.660377358490566,0.07704402515723263,0.08775906735751296,0.07704402515723263,0.0824015462573728,1.0,,30:70,0.09383237823699218,0.2026,2.4271,-0.0014,-0.0122,0.0005,0.0142,0.0,0.0,0.0,,,,,,,
Texas Cohort,Heart Failure + Hypertension (hf+hyp),CatBoost with ACT-parity,0.2678,0.7217,0.625,0.6737,0.6239,0.537,0.9039,254,154,219,27,0.34519572953736655,0.3968253968253968,0.1718253968253968,0.28544061302681994,0.1718253968253968,0.22863300492610839,1.0,,N/A,0.04721000077392651,0.2154,0.6246,,,,,,,,,,,,,,
Texas Cohort,Heart Failure + Hypertension (hf+hyp),CatBoost baseline,0.3112,0.7495,0.6739,0.6939,0.6682,0.5748,0.8754,246,191,182,35,0.298932384341637,0.3218390804597701,0.1218390804597701,0.2509578544061303,0.1218390804597701,0.1863984674329502,1.0,,N/A,0.021530293481539377,0.2022,0.7097,,,,,,,,,,,,,,
Texas Cohort,Heart Failure + Hypertension (hf+hyp),XGBoost with ACT-parity,0.1819,0.7372,0.6433,0.6872,0.6437,0.5517,0.911,256,165,208,25,0.33807829181494664,0.45,0.14841269841269844,0.39655172413793105,0.14841269841269844,0.27248221127531475,1.0,,N/A,0.10617704838675461,0.2171,0.4885,,,,,,,,0.0056,0.0371,0.012,0.0678,0.0678,0.002,0.0
Texas Cohort,Heart Failure + Hypertension (hf+hyp),XGBoost baseline,0.2578,0.7368,0.6523,0.6845,0.6575,0.5664,0.8648,243,187,186,38,0.3701067615658363,0.45,0.13253968253968257,0.23371647509578547,0.13253968253968257,0.18312807881773402,1.0,,N/A,0.08224294662274788,0.2195,0.4656,,,,,,,,0.0145,0.0269,0.0128,0.0592,0.0592,0.0666,0.0
Texas Cohort,Heart Failure + Hypertension (hf+hyp),HIR-M3 Transformer,0.4631,0.5382,0.476,0.6034,0.4373,0.4328,0.9964,280,6,367,1,0.2313167259786477,0.2857142857142857,0.2107142857142857,0.3933933933933934,0.2107142857142857,0.3020538395538396,1.0,,N/A,0.019455814769901696,0.25,2.398,,,,,,,,0.0872,0.0473,0.031,0.0949,0.0949,0.0209,0.0
Texas Cohort,Heart Failure + Hypertension (hf+hyp),HIR-M3 Transformer with ACT-parity,0.45,0.535,0.4629,0.6017,0.4312,0.4303,1.0,281,1,372,0,0.9857651245551602,0.9885057471264368,0.013505747126436818,0.008695652173913044,0.013505747126436818,0.01110069965017493,1.0,,N/A,0.005289264813155677,0.2457,2.5842,,,,,,,,0.127,0.0541,0.0161,0.0,0.0,0.0,0.0
Texas Cohort,Heart Failure + Hypertension (hf+hyp),XGBoost + HIR-M3 Ensemble (30:70),0.4084,0.7361,0.6433,0.6846,0.6422,0.551,0.9039,254,166,207,27,0.3594306049822064,0.475,0.1734126984126984,0.23371647509578547,0.1734126984126984,0.20356458675424194,1.0,,30:70,0.1130556176547253,0.2193,2.2717,-0.0418,-0.0614,-0.0371,-0.0363,-0.1409,-0.1409,0.1337,,,,,,,
Texas Cohort,Heart Failure + Hypertension (hf+hyp),XGBoost + HIR-M3 Ensemble (30:70) with ACT-parity,0.3779,0.7384,0.6419,0.6835,0.6361,0.5456,0.9146,257,159,214,24,0.42704626334519574,0.575,0.1727011494252873,0.3448275862068966,0.1727011494252873,0.2587643678160919,1.0,,30:70,0.16929416662342295,0.2171,2.3958,-0.0014,-0.0122,0.0005,0.0142,0.0,0.0,0.0,,,,,,,
Texas Cohort,Diabetes + Heart Failure + Hypertension (d+hf+hyp),CatBoost baseline,0.32,0.7335,0.6985,0.7455,0.6973,0.6508,0.8723,82,47,44,12,0.30851063829787234,0.35,0.0537037037037037,0.15909090909090912,0.0537037037037037,0.10639730639730641,1.0,,N/A,0.0,0.2189,0.524,,,,,,,,,,,,,,
Texas Cohort,Diabetes + Heart Failure + Hypertension (d+hf+hyp),CatBoost with ACT-parity,0.2267,0.6742,0.6644,0.7137,0.627,0.585,0.9149,86,30,61,8,0.3617021276595745,0.45,0.15000000000000002,0.2060185185185185,0.15000000000000002,0.17800925925925926,1.0,,N/A,0.0,0.2445,0.4234,,,,,,,,,,,,,,
Texas Cohort,Diabetes + Heart Failure + Hypertension (d+hf+hyp),XGBoost with ACT-parity,0.0934,0.6793,0.6567,0.7206,0.627,0.5817,0.9468,89,27,64,5,0.3617021276595745,0.5,0.25,0.19444444444444442,0.25,0.2222222222222222,1.0,,N/A,0.0,0.261,0.3349,,,,,,,,0.0056,0.0371,0.012,0.0678,0.0678,0.002,0.0
Texas Cohort,Diabetes + Heart Failure + Hypertension (d+hf+hyp),XGBoost baseline,0.0399,0.7056,0.6979,0.7294,0.627,0.5776,0.9894,93,23,68,1,0.35106382978723405,0.4,0.06666666666666671,0.1647727272727273,0.06666666666666671,0.115719696969697,1.0,,N/A,0.0,0.2629,0.3237,,,,,,,,0.0145,0.0269,0.0128,0.0592,0.0592,0.0666,0.0
Texas Cohort,Diabetes + Heart Failure + Hypertension (d+hf+hyp),HIR-M3 Transformer,0.4831,0.4619,0.4583,0.6738,0.5081,0.5081,1.0,94,0,91,0,0.02127659574468085,0.037037037037037035,0.037037037037037035,0.022727272727272707,0.037037037037037035,0.02988215488215487,1.0,,N/A,0.000967634320366276,0.2528,-3.1944,,,,,,,,0.0872,0.0473,0.031,0.0949,0.0949,0.0209,0.0
Texas Cohort,Diabetes + Heart Failure + Hypertension (d+hf+hyp),HIR-M3 Transformer with ACT-parity,0.4658,0.5352,0.548,0.6818,0.5459,0.5294,0.9574,90,11,80,4,1.0,1.0,0.0,0.0,0.0,0.0,1.0,,N/A,0.0,0.251,5.5787,,,,,,,,0.127,0.0541,0.0161,0.0,0.0,0.0,0.0
Texas Cohort,Diabetes + Heart Failure + Hypertension (d+hf+hyp),XGBoost + HIR-M3 Ensemble (30:70),0.4141,0.6865,0.6563,0.7243,0.6378,0.5906,0.9362,88,30,61,6,0.2978723404255319,0.4,0.15000000000000002,0.10795454545454541,0.15000000000000002,0.12897727272727272,1.0,,30:70,0.0,0.2292,1.4377,-0.0418,-0.0614,-0.0371,-0.0363,-0.1409,-0.1409,0.1337,,,,,,,
Texas Cohort,Diabetes + Heart Failure + Hypertension (d+hf+hyp),XGBoost + HIR-M3 Ensemble (30:70) with ACT-parity,0.3563,0.6809,0.6534,0.7206,0.627,0.5817,0.9468,89,27,64,5,0.39361702127659576,0.5,0.2,0.15909090909090912,0.2,0.17954545454545456,1.0,,30:70,0.0,0.2303,1.5355,-0.0014,-0.0122,0.0005,0.0142,0.0,0.0,0.0,,,,,,,
