Analysis_Cohort,Analysis_Subgroup,Source_File,Cohort,Subcohort_Subgroup,Model_Name,Optimal_Threshold,ROC_AUC,PR_AUC,F1_Score,Accuracy,Precision,Recall,TP,TN,FP,FN,Overall_FNR,Worst_Group_FNR,FNR Gap,FPR Gap,FNR_Gap_DGAP,Equalized_Odds_Difference_EOD,Demographic_Parity_Ratio_DPR,Fairness-Performance Stability Area,Selected Ensemble Ratio,EFNHI_Star,Brier_Score,Platt_Calibration_Slope
Texas,Overall,parity_Texas_Cohort_Overall.csv,Texas Cohort,Overall,CatBoost with ACT-parity,0.6555,0.8076,0.4309,0.4576,0.8199,0.4105,0.5169,949,9291,1363,887,0.2903050108932462,0.7727272727272727,0.5131852879944483,0.2801204819277108,0.5131852879944483,0.3966528849610795,1.0,0.0,,0.0229811283247657,0.1713,0.9248
Texas,Overall,parity_Texas_Cohort_Overall.csv,Texas Cohort,Overall,CatBoost baseline,0.5927,0.8147,0.454,0.4665,0.7861,0.3682,0.6362,1168,8650,2004,668,0.2559912854030501,0.3636363636363636,0.172796668979875,0.2755477651183173,0.172796668979875,0.2241722170490961,1.0,0.0,,0.0111950843008159,0.1707,1.0155
Texas,Overall,parity_Texas_Cohort_Overall.csv,Texas Cohort,Overall,XGBoost with ACT-parity,0.5568,0.808,0.4334,0.4593,0.7849,0.3643,0.6215,1141,8663,1991,695,0.3202614379084967,0.7272727272727273,0.4291958041958042,0.2476733713599519,0.4291958041958042,0.3384345877778781,1.0,0.0,,0.0481444175174079,0.1603,0.8259
Texas,Overall,parity_Texas_Cohort_Overall.csv,Texas Cohort,Overall,XGBoost baseline,0.5736,0.8096,0.4436,0.4619,0.7941,0.375,0.6013,1104,8814,1840,732,0.3142701525054466,0.5,0.2633587786259542,0.2684195150452819,0.2633587786259542,0.265889146835618,1.0,0.0,,0.0261540373933009,0.1562,0.878
Texas,Overall,parity_Texas_Cohort_Overall.csv,Texas Cohort,Overall,HIR-M3 Transformer,0.5067,0.6191,0.2158,0.302,0.638,0.2107,0.5327,978,6991,3663,858,0.4493464052287582,0.5,0.099236641221374,0.4432234432234432,0.099236641221374,0.2712300422224086,1.0,0.0,,0.0124995437191239,0.2335,0.9499
Texas,Overall,parity_Texas_Cohort_Overall.csv,Texas Cohort,Overall,HIR-M3 Transformer with ACT-parity,0.1106,0.528,0.1622,0.2574,0.1685,0.1481,0.9804,1800,304,10350,36,1.0,1.0,0.0,0.0,0.0,0.0,1.0,0.0,,0.0,0.1254,0.7865
Texas,Overall,parity_Texas_Cohort_Overall.csv,Texas Cohort,Overall,XGBoost + HIR-M3 Ensemble (30:70),0.5192,0.7678,0.3822,0.4249,0.7741,0.3395,0.5675,1042,8627,2027,794,0.3725490196078431,0.5454545454545454,0.2401110340041637,0.1347193347193347,0.2401110340041637,0.1874151843617492,1.0,0.0,30:70,0.0324991751691744,0.1925,1.9399
Texas,Overall,parity_Texas_Cohort_Overall.csv,Texas Cohort,Overall,XGBoost + HIR-M3 Ensemble (30:70) with ACT-parity,0.2639,0.8066,0.4212,0.4599,0.7903,0.3701,0.6073,1115,8756,1898,721,1.0,1.0,0.0,0.0,0.0,0.0,1.0,0.0,30:70,0.0,0.1112,2.4856
Texas,Rural,parity_Texas_Cohort_Rural.csv,Texas Cohort,Rural,CatBoost with ACT-parity,0.6555,0.8076,0.4309,0.4576,0.8199,0.4105,0.5169,949,9291,1363,887,0.2903050108932462,0.7727272727272727,0.5131852879944483,0.2801204819277108,0.5131852879944483,0.3966528849610795,1.0,,,0.0229811283247657,0.1713,0.9248
Texas,Rural,parity_Texas_Cohort_Rural.csv,Texas Cohort,Rural,CatBoost baseline,0.5927,0.8147,0.454,0.4665,0.7861,0.3682,0.6362,1168,8650,2004,668,0.2559912854030501,0.3636363636363636,0.172796668979875,0.2755477651183173,0.172796668979875,0.2241722170490961,1.0,,,0.0111950843008159,0.1707,1.0155
Texas,Rural,parity_Texas_Cohort_Rural.csv,Texas Cohort,Rural,XGBoost baseline,0.5736,0.8096,0.4436,0.4619,0.7941,0.375,0.6013,1104,8814,1840,732,0.3142701525054466,0.5,0.2633587786259542,0.2684195150452819,0.2633587786259542,0.265889146835618,1.0,,,0.0261540373933009,0.1562,0.878
Texas,Rural,parity_Texas_Cohort_Rural.csv,Texas Cohort,Rural,XGBoost with ACT-parity,0.5568,0.808,0.4334,0.4593,0.7849,0.3643,0.6215,1141,8663,1991,695,0.3202614379084967,0.7272727272727273,0.4291958041958042,0.2476733713599519,0.4291958041958042,0.3384345877778781,1.0,,,0.0481444175174079,0.1603,0.8259
Texas,Rural,parity_Texas_Cohort_Rural.csv,Texas Cohort,Rural,HIR-M3 Transformer,0.5049,0.6204,0.2153,0.3015,0.6383,0.2105,0.531,975,6997,3657,861,0.4558823529411764,0.5,0.099236641221374,0.4432234432234432,0.099236641221374,0.2712300422224086,1.0,,,0.0160564908957011,0.2376,0.9797
Texas,Rural,parity_Texas_Cohort_Rural.csv,Texas Cohort,Rural,HIR-M3 Transformer with ACT-parity,0.1074,0.5317,0.1635,0.2574,0.1556,0.1478,0.9956,1828,116,10538,8,1.0,1.0,0.0,0.0,0.0,0.0,1.0,,,0.0,0.1254,0.5192
Texas,Rural,parity_Texas_Cohort_Rural.csv,Texas Cohort,Rural,XGBoost + HIR-M3 Ensemble (30:70),0.512,0.7703,0.3824,0.4287,0.7632,0.3321,0.6046,1110,8422,2232,726,0.3605664488017429,0.5454545454545454,0.251561415683553,0.1179583197655486,0.251561415683553,0.1847598677245508,1.0,,30:70,0.0341952777103392,0.195,1.9812
Texas,Rural,parity_Texas_Cohort_Rural.csv,Texas Cohort,Rural,XGBoost + HIR-M3 Ensemble (30:70) with ACT-parity,0.2629,0.8036,0.4073,0.4575,0.7738,0.3533,0.6487,1191,8474,2180,645,1.0,1.0,0.0,0.0,0.0,0.0,1.0,,30:70,0.0,0.1121,2.4672
Texas,Urban,parity_Texas_Cohort_Urban.csv,Texas Cohort,Urban,CatBoost with ACT-parity,0.6555,0.8076,0.4309,0.4576,0.8199,0.4105,0.5169,949,9291,1363,887,0.2903050108932462,0.7727272727272727,0.5131852879944483,0.2801204819277108,0.5131852879944483,0.3966528849610795,1.0,,,0.0229811283247657,0.1713,0.9248
Texas,Urban,parity_Texas_Cohort_Urban.csv,Texas Cohort,Urban,CatBoost baseline,0.5927,0.8147,0.454,0.4665,0.7861,0.3682,0.6362,1168,8650,2004,668,0.2559912854030501,0.3636363636363636,0.172796668979875,0.2755477651183173,0.172796668979875,0.2241722170490961,1.0,,,0.0111950843008159,0.1707,1.0155
Texas,Urban,parity_Texas_Cohort_Urban.csv,Texas Cohort,Urban,XGBoost baseline,0.5736,0.8096,0.4436,0.4619,0.7941,0.375,0.6013,1104,8814,1840,732,0.3142701525054466,0.5,0.2633587786259542,0.2684195150452819,0.2633587786259542,0.265889146835618,1.0,,,0.0261540373933009,0.1562,0.878
Texas,Urban,parity_Texas_Cohort_Urban.csv,Texas Cohort,Urban,XGBoost with ACT-parity,0.5568,0.808,0.4334,0.4593,0.7849,0.3643,0.6215,1141,8663,1991,695,0.3202614379084967,0.7272727272727273,0.4291958041958042,0.2476733713599519,0.4291958041958042,0.3384345877778781,1.0,,,0.0481444175174079,0.1603,0.8259
Texas,Urban,parity_Texas_Cohort_Urban.csv,Texas Cohort,Urban,HIR-M3 Transformer,0.4863,0.618,0.2144,0.2994,0.6107,0.2036,0.5659,1039,6589,4065,797,0.4940087145969499,0.5017482517482518,0.047549778465809,0.2710622710622711,0.047549778465809,0.15930602476404,1.0,,,0.0096384103589186,0.2331,1.1161
Texas,Urban,parity_Texas_Cohort_Urban.csv,Texas Cohort,Urban,HIR-M3 Transformer with ACT-parity,0.1205,0.5361,0.1666,0.2588,0.2331,0.1508,0.9107,1672,1240,9414,164,1.0,1.0,0.0,0.0,0.0,0.0,1.0,,,0.0,0.1251,0.9259
Texas,Urban,parity_Texas_Cohort_Urban.csv,Texas Cohort,Urban,XGBoost + HIR-M3 Ensemble (30:70),0.5143,0.7763,0.3905,0.4322,0.7738,0.3425,0.5855,1075,8590,2064,761,0.3741830065359477,0.5,0.1908396946564885,0.1401247401247401,0.1908396946564885,0.1654822173906143,1.0,,30:70,0.041385274054434,0.1923,2.1751
Texas,Urban,parity_Texas_Cohort_Urban.csv,Texas Cohort,Urban,XGBoost + HIR-M3 Ensemble (30:70) with ACT-parity,0.2676,0.8078,0.4211,0.4582,0.7861,0.365,0.6155,1130,8688,1966,706,1.0,1.0,0.0,0.0,0.0,0.0,1.0,,30:70,0.0,0.1117,2.5473
Texas,Diabetes + Heart Failure + Hypertension,parity_Texas_Cohort_Diabetes__plus__Heart_Failure__plus__Hypertension_d_plus_hf_plus_hyp.csv,Texas Cohort,Diabetes + Heart Failure + Hypertension (d+hf+hyp),CatBoost baseline,0.32,0.7335,0.6985,0.7455,0.6973,0.6508,0.8723,82,47,44,12,0.3085106382978723,0.35,0.0537037037037037,0.1590909090909091,0.0537037037037037,0.1063973063973064,1.0,,,0.0,0.2189,0.524
Texas,Diabetes + Heart Failure + Hypertension,parity_Texas_Cohort_Diabetes__plus__Heart_Failure__plus__Hypertension_d_plus_hf_plus_hyp.csv,Texas Cohort,Diabetes + Heart Failure + Hypertension (d+hf+hyp),CatBoost with ACT-parity,0.2267,0.6742,0.6644,0.7137,0.627,0.585,0.9149,86,30,61,8,0.3617021276595745,0.45,0.15,0.2060185185185185,0.15,0.1780092592592592,1.0,,,0.0,0.2445,0.4234
Texas,Diabetes + Heart Failure + Hypertension,parity_Texas_Cohort_Diabetes__plus__Heart_Failure__plus__Hypertension_d_plus_hf_plus_hyp.csv,Texas Cohort,Diabetes + Heart Failure + Hypertension (d+hf+hyp),XGBoost with ACT-parity,0.0934,0.6793,0.6567,0.7206,0.627,0.5817,0.9468,89,27,64,5,0.3617021276595745,0.5,0.25,0.1944444444444444,0.25,0.2222222222222222,1.0,,,0.0,0.261,0.3349
Texas,Diabetes + Heart Failure + Hypertension,parity_Texas_Cohort_Diabetes__plus__Heart_Failure__plus__Hypertension_d_plus_hf_plus_hyp.csv,Texas Cohort,Diabetes + Heart Failure + Hypertension (d+hf+hyp),XGBoost baseline,0.0399,0.7056,0.6979,0.7294,0.627,0.5776,0.9894,93,23,68,1,0.351063829787234,0.4,0.0666666666666667,0.1647727272727273,0.0666666666666667,0.115719696969697,1.0,,,0.0,0.2629,0.3237
Texas,Diabetes + Heart Failure + Hypertension,parity_Texas_Cohort_Diabetes__plus__Heart_Failure__plus__Hypertension_d_plus_hf_plus_hyp.csv,Texas Cohort,Diabetes + Heart Failure + Hypertension (d+hf+hyp),HIR-M3 Transformer,0.4831,0.4619,0.4583,0.6738,0.5081,0.5081,1.0,94,0,91,0,0.0212765957446808,0.037037037037037,0.037037037037037,0.0227272727272727,0.037037037037037,0.0298821548821548,1.0,,,0.0009676343203662,0.2528,-3.1944
Texas,Diabetes + Heart Failure + Hypertension,parity_Texas_Cohort_Diabetes__plus__Heart_Failure__plus__Hypertension_d_plus_hf_plus_hyp.csv,Texas Cohort,Diabetes + Heart Failure + Hypertension (d+hf+hyp),HIR-M3 Transformer with ACT-parity,0.4658,0.5352,0.548,0.6818,0.5459,0.5294,0.9574,90,11,80,4,1.0,1.0,0.0,0.0,0.0,0.0,1.0,,,0.0,0.251,5.5787
Texas,Diabetes + Heart Failure + Hypertension,parity_Texas_Cohort_Diabetes__plus__Heart_Failure__plus__Hypertension_d_plus_hf_plus_hyp.csv,Texas Cohort,Diabetes + Heart Failure + Hypertension (d+hf+hyp),XGBoost + HIR-M3 Ensemble (30:70),0.4141,0.6865,0.6563,0.7243,0.6378,0.5906,0.9362,88,30,61,6,0.2978723404255319,0.4,0.15,0.1079545454545454,0.15,0.1289772727272727,1.0,,30:70,0.0,0.2292,1.4377
Texas,Diabetes + Heart Failure + Hypertension,parity_Texas_Cohort_Diabetes__plus__Heart_Failure__plus__Hypertension_d_plus_hf_plus_hyp.csv,Texas Cohort,Diabetes + Heart Failure + Hypertension (d+hf+hyp),XGBoost + HIR-M3 Ensemble (30:70) with ACT-parity,0.3563,0.6809,0.6534,0.7206,0.627,0.5817,0.9468,89,27,64,5,0.3936170212765957,0.5,0.2,0.1590909090909091,0.2,0.1795454545454545,1.0,,30:70,0.0,0.2303,1.5355
Texas,Diabetes + Heart Failure,parity_Texas_Cohort_Diabetes__plus__Heart_Failure_d_plus_hf.csv,Texas Cohort,Diabetes + Heart Failure (d+hf),CatBoost with ACT-parity,0.305,0.7681,0.7353,0.7326,0.7008,0.641,0.8547,100,71,56,17,0.3247863247863248,0.4117647058823529,0.1784313725490195,0.1264367816091954,0.1784313725490195,0.1524340770791075,1.0,,,0.1001920099646099,0.1988,0.7512
Texas,Diabetes + Heart Failure,parity_Texas_Cohort_Diabetes__plus__Heart_Failure_d_plus_hf.csv,Texas Cohort,Diabetes + Heart Failure (d+hf),CatBoost baseline,0.2945,0.781,0.7394,0.7609,0.7295,0.6604,0.8974,105,73,54,12,0.2991452991452991,0.3235294117647059,0.0901960784313725,0.1072124756335282,0.0901960784313725,0.0987042770324504,1.0,,,0.0227705027263449,0.1949,0.6598
Texas,Diabetes + Heart Failure,parity_Texas_Cohort_Diabetes__plus__Heart_Failure_d_plus_hf.csv,Texas Cohort,Diabetes + Heart Failure (d+hf),XGBoost with ACT-parity,0.4685,0.7983,0.7527,0.7419,0.7377,0.7023,0.7863,92,88,39,25,0.2478632478632478,0.28,0.08,0.2203065134099616,0.08,0.1501532567049808,1.0,,,0.0312781291102004,0.192,0.5707
Texas,Diabetes + Heart Failure,parity_Texas_Cohort_Diabetes__plus__Heart_Failure_d_plus_hf.csv,Texas Cohort,Diabetes + Heart Failure (d+hf),XGBoost baseline,0.2979,0.7812,0.7432,0.738,0.709,0.6494,0.8547,100,73,54,17,0.2649572649572649,0.3,0.0999999999999999,0.185823754789272,0.0999999999999999,0.1429118773946359,1.0,,,0.033023041741266,0.2062,0.4528
Texas,Diabetes + Heart Failure,parity_Texas_Cohort_Diabetes__plus__Heart_Failure_d_plus_hf.csv,Texas Cohort,Diabetes + Heart Failure (d+hf),HIR-M3 Transformer,0.5288,0.4505,0.4597,0.6518,0.4877,0.4835,1.0,117,2,125,0,0.0,0.0,0.0,0.0,0.0,0.0,1.0,,,0.0,0.2639,-1.5211
Texas,Diabetes + Heart Failure,parity_Texas_Cohort_Diabetes__plus__Heart_Failure_d_plus_hf.csv,Texas Cohort,Diabetes + Heart Failure (d+hf),HIR-M3 Transformer with ACT-parity,0.491,0.524,0.5172,0.6482,0.4795,0.4795,1.0,117,0,127,0,0.5726495726495726,0.6333333333333333,0.1627450980392156,0.2027290448343079,0.1627450980392156,0.1827370714367618,1.0,,,0.0565843766934012,0.2497,3.239
Texas,Diabetes + Heart Failure,parity_Texas_Cohort_Diabetes__plus__Heart_Failure_d_plus_hf.csv,Texas Cohort,Diabetes + Heart Failure (d+hf),XGBoost + HIR-M3 Ensemble (30:70),0.4716,0.7662,0.721,0.742,0.7008,0.6325,0.8974,105,66,61,12,0.1538461538461538,0.2,0.1,0.3352826510721248,0.1,0.2176413255360624,1.0,,30:70,0.0224842023113676,0.2175,2.331
Texas,Diabetes + Heart Failure,parity_Texas_Cohort_Diabetes__plus__Heart_Failure_d_plus_hf.csv,Texas Cohort,Diabetes + Heart Failure (d+hf),XGBoost + HIR-M3 Ensemble (30:70) with ACT-parity,0.4679,0.7982,0.7496,0.7431,0.7336,0.6912,0.8034,94,85,42,23,0.2478632478632478,0.28,0.08,0.2375478927203065,0.08,0.1587739463601532,1.0,,30:70,0.0322089911157839,0.2079,2.889
Texas,Diabetes + Hypertension,parity_Texas_Cohort_Diabetes__plus__Hypertension_d_plus_hyp.csv,Texas Cohort,Diabetes + Hypertension (d+hyp),CatBoost baseline,0.3063,0.7672,0.6137,0.6226,0.6354,0.4763,0.8988,231,257,254,26,0.3618677042801556,0.4150943396226415,0.09366576819407,0.0455665024630542,0.09366576819407,0.0696161353285621,1.0,,,0.0587243062499969,0.1873,0.8185
Texas,Diabetes + Hypertension,parity_Texas_Cohort_Diabetes__plus__Hypertension_d_plus_hyp.csv,Texas Cohort,Diabetes + Hypertension (d+hyp),CatBoost with ACT-parity,0.3415,0.7533,0.6025,0.6054,0.6367,0.4756,0.8327,214,275,236,43,0.3346303501945525,0.4339622641509434,0.1661051212938005,0.0899014778325122,0.1661051212938005,0.1280032995631564,1.0,,,0.0910543701028888,0.1961,0.7631
Texas,Diabetes + Hypertension,parity_Texas_Cohort_Diabetes__plus__Hypertension_d_plus_hyp.csv,Texas Cohort,Diabetes + Hypertension (d+hyp),XGBoost with ACT-parity,0.2983,0.7477,0.5867,0.6012,0.6406,0.4782,0.8093,208,284,227,49,0.4280155642023346,0.4716981132075472,0.0788409703504043,0.2133620689655172,0.0788409703504043,0.1461015196579607,1.0,,,0.0551785415120638,0.2001,0.534
Texas,Diabetes + Hypertension,parity_Texas_Cohort_Diabetes__plus__Hypertension_d_plus_hyp.csv,Texas Cohort,Diabetes + Hypertension (d+hyp),XGBoost baseline,0.2615,0.7495,0.5888,0.6028,0.6328,0.4724,0.8327,214,272,239,43,0.4474708171206226,0.4716981132075472,0.0341981132075471,0.1557881773399014,0.0341981132075471,0.0949931452737243,1.0,,,0.0316857216101816,0.1981,0.5293
Texas,Diabetes + Hypertension,parity_Texas_Cohort_Diabetes__plus__Hypertension_d_plus_hyp.csv,Texas Cohort,Diabetes + Hypertension (d+hyp),HIR-M3 Transformer,0.5516,0.5031,0.3557,0.5025,0.3424,0.3364,0.9922,255,8,503,2,0.0038910505836575,0.0119047619047619,0.0119047619047619,0.0,0.0119047619047619,0.0059523809523809,1.0,,,4.1324503216705765e-05,0.2761,0.9323
Texas,Diabetes + Hypertension,parity_Texas_Cohort_Diabetes__plus__Hypertension_d_plus_hyp.csv,Texas Cohort,Diabetes + Hypertension (d+hyp),HIR-M3 Transformer with ACT-parity,0.3957,0.5213,0.3544,0.5076,0.4062,0.3513,0.9144,235,77,434,22,1.0,1.0,0.0,0.0,0.0,0.0,1.0,,,0.0,0.2299,0.6197
Texas,Diabetes + Hypertension,parity_Texas_Cohort_Diabetes__plus__Hypertension_d_plus_hyp.csv,Texas Cohort,Diabetes + Hypertension (d+hyp),XGBoost + HIR-M3 Ensemble (30:70),0.4797,0.7478,0.5867,0.5997,0.6367,0.475,0.8132,209,280,231,48,0.2840466926070039,0.320754716981132,0.0528975741239892,0.1748704663212435,0.0528975741239892,0.1138840202226163,1.0,,30:70,0.0261851205625921,0.2269,2.5682
Texas,Diabetes + Hypertension,parity_Texas_Cohort_Diabetes__plus__Hypertension_d_plus_hyp.csv,Texas Cohort,Diabetes + Hypertension (d+hyp),XGBoost + HIR-M3 Ensemble (30:70) with ACT-parity,0.357,0.7424,0.5658,0.6053,0.6094,0.4573,0.8949,230,238,273,27,0.6147859922178989,0.660377358490566,0.0770440251572326,0.0877590673575129,0.0770440251572326,0.0824015462573728,1.0,,30:70,0.0938323782369921,0.2026,2.4271
Texas,Diabetes,parity_Texas_Cohort_Diabetes_d.csv,Texas Cohort,Diabetes (d),CatBoost with ACT-parity,0.4538,0.809,0.5622,0.57,0.7413,0.4765,0.7093,344,1143,378,141,0.3711340206185567,0.4258064516129032,0.1157627834906324,0.1686708860759493,0.1157627834906324,0.1422168347832909,1.0,,,0.0935738798675103,0.1601,0.9564
Texas,Diabetes,parity_Texas_Cohort_Diabetes_d.csv,Texas Cohort,Diabetes (d),CatBoost baseline,0.3961,0.8063,0.5498,0.5644,0.6999,0.4348,0.8041,390,1014,507,95,0.3525773195876289,0.432258064516129,0.1605189340813464,0.1201814058956916,0.1605189340813464,0.140350169988519,1.0,,,0.1197921589217197,0.1629,0.9865
Texas,Diabetes,parity_Texas_Cohort_Diabetes_d.csv,Texas Cohort,Diabetes (d),XGBoost with ACT-parity,0.4246,0.7964,0.5312,0.5613,0.7413,0.4756,0.6845,332,1155,366,153,0.4185567010309278,0.4903225806451612,0.1366107902521481,0.1322784810126582,0.1366107902521481,0.1344446356324032,1.0,,,0.1441076947554673,0.1597,0.7269
Texas,Diabetes,parity_Texas_Cohort_Diabetes_d.csv,Texas Cohort,Diabetes (d),XGBoost baseline,0.3328,0.7969,0.5424,0.5551,0.6939,0.4279,0.7897,383,1009,512,102,0.4412371134020618,0.4967741935483871,0.1037610931117059,0.0702947845804988,0.1037610931117059,0.0870279388461023,1.0,,,0.118382616858006,0.1583,0.7438
Texas,Diabetes,parity_Texas_Cohort_Diabetes_d.csv,Texas Cohort,Diabetes (d),HIR-M3 Transformer,0.4558,0.5846,0.2979,0.4068,0.4227,0.2706,0.8186,397,451,1070,88,0.7546391752577319,0.8258064516129032,0.1096492463727285,0.1465189873417721,0.1096492463727285,0.1280841168572503,1.0,,,0.154156734676365,0.2323,1.9158
Texas,Diabetes,parity_Texas_Cohort_Diabetes_d.csv,Texas Cohort,Diabetes (d),HIR-M3 Transformer with ACT-parity,0.1138,0.4992,0.2422,0.3916,0.2532,0.2438,0.9938,482,26,1495,3,1.0,1.0,0.0,0.0,0.0,0.0,1.0,,,0.0,0.1886,0.1113
Texas,Diabetes,parity_Texas_Cohort_Diabetes_d.csv,Texas Cohort,Diabetes (d),XGBoost + HIR-M3 Ensemble (30:70),0.4375,0.788,0.5332,0.5494,0.7024,0.4333,0.7505,364,1045,476,121,0.5030927835051546,0.5483870967741935,0.076771376250176,0.060657596371882,0.076771376250176,0.068714486311029,1.0,,30:70,0.1177036548250848,0.1911,3.0033
Texas,Diabetes,parity_Texas_Cohort_Diabetes_d.csv,Texas Cohort,Diabetes (d),XGBoost + HIR-M3 Ensemble (30:70) with ACT-parity,0.2291,0.782,0.5153,0.5537,0.6994,0.4319,0.7711,374,1029,492,111,1.0,1.0,0.0,0.0,0.0,0.0,1.0,,30:70,0.0,0.1596,2.3292
Texas,Heart Failure + Hypertension,parity_Texas_Cohort_Heart_Failure__plus__Hypertension_hf_plus_hyp.csv,Texas Cohort,Heart Failure + Hypertension (hf+hyp),CatBoost with ACT-parity,0.2678,0.7217,0.625,0.6737,0.6239,0.537,0.9039,254,154,219,27,0.3451957295373665,0.3968253968253968,0.1718253968253968,0.2854406130268199,0.1718253968253968,0.2286330049261083,1.0,,,0.0472100007739265,0.2154,0.6246
Texas,Heart Failure + Hypertension,parity_Texas_Cohort_Heart_Failure__plus__Hypertension_hf_plus_hyp.csv,Texas Cohort,Heart Failure + Hypertension (hf+hyp),CatBoost baseline,0.3112,0.7495,0.6739,0.6939,0.6682,0.5748,0.8754,246,191,182,35,0.298932384341637,0.3218390804597701,0.1218390804597701,0.2509578544061303,0.1218390804597701,0.1863984674329502,1.0,,,0.0215302934815393,0.2022,0.7097
Texas,Heart Failure + Hypertension,parity_Texas_Cohort_Heart_Failure__plus__Hypertension_hf_plus_hyp.csv,Texas Cohort,Heart Failure + Hypertension (hf+hyp),XGBoost with ACT-parity,0.1819,0.7372,0.6433,0.6872,0.6437,0.5517,0.911,256,165,208,25,0.3380782918149466,0.45,0.1484126984126984,0.396551724137931,0.1484126984126984,0.2724822112753147,1.0,,,0.1061770483867546,0.2171,0.4885
Texas,Heart Failure + Hypertension,parity_Texas_Cohort_Heart_Failure__plus__Hypertension_hf_plus_hyp.csv,Texas Cohort,Heart Failure + Hypertension (hf+hyp),XGBoost baseline,0.2578,0.7368,0.6523,0.6845,0.6575,0.5664,0.8648,243,187,186,38,0.3701067615658363,0.45,0.1325396825396825,0.2337164750957854,0.1325396825396825,0.183128078817734,1.0,,,0.0822429466227478,0.2195,0.4656
Texas,Heart Failure + Hypertension,parity_Texas_Cohort_Heart_Failure__plus__Hypertension_hf_plus_hyp.csv,Texas Cohort,Heart Failure + Hypertension (hf+hyp),HIR-M3 Transformer,0.4631,0.5382,0.476,0.6034,0.4373,0.4328,0.9964,280,6,367,1,0.2313167259786477,0.2857142857142857,0.2107142857142857,0.3933933933933934,0.2107142857142857,0.3020538395538396,1.0,,,0.0194558147699016,0.25,2.398
Texas,Heart Failure + Hypertension,parity_Texas_Cohort_Heart_Failure__plus__Hypertension_hf_plus_hyp.csv,Texas Cohort,Heart Failure + Hypertension (hf+hyp),HIR-M3 Transformer with ACT-parity,0.45,0.535,0.4629,0.6017,0.4312,0.4303,1.0,281,1,372,0,0.9857651245551602,0.9885057471264368,0.0135057471264368,0.008695652173913,0.0135057471264368,0.0111006996501749,1.0,,,0.0052892648131556,0.2457,2.5842
Texas,Heart Failure + Hypertension,parity_Texas_Cohort_Heart_Failure__plus__Hypertension_hf_plus_hyp.csv,Texas Cohort,Heart Failure + Hypertension (hf+hyp),XGBoost + HIR-M3 Ensemble (30:70),0.4084,0.7361,0.6433,0.6846,0.6422,0.551,0.9039,254,166,207,27,0.3594306049822064,0.475,0.1734126984126984,0.2337164750957854,0.1734126984126984,0.2035645867542419,1.0,,30:70,0.1130556176547253,0.2193,2.2717
Texas,Heart Failure + Hypertension,parity_Texas_Cohort_Heart_Failure__plus__Hypertension_hf_plus_hyp.csv,Texas Cohort,Heart Failure + Hypertension (hf+hyp),XGBoost + HIR-M3 Ensemble (30:70) with ACT-parity,0.3779,0.7384,0.6419,0.6835,0.6361,0.5456,0.9146,257,159,214,24,0.4270462633451957,0.575,0.1727011494252873,0.3448275862068966,0.1727011494252873,0.2587643678160919,1.0,,30:70,0.1692941666234229,0.2171,2.3958
Texas,Heart Failure,parity_Texas_Cohort_Heart_Failure_hf.csv,Texas Cohort,Heart Failure (hf),CatBoost with ACT-parity,0.2397,0.7318,0.6222,0.655,0.6128,0.505,0.9321,357,238,350,26,0.381201044386423,0.396694214876033,0.115444214876033,0.0675951717734447,0.115444214876033,0.0915196933247389,1.0,,,0.0151831391997995,0.2083,0.7036
Texas,Heart Failure,parity_Texas_Cohort_Heart_Failure_hf.csv,Texas Cohort,Heart Failure (hf),CatBoost baseline,0.2176,0.7538,0.6496,0.6547,0.6035,0.4986,0.953,365,221,367,18,0.3472584856396867,0.3677685950413223,0.0924062762007426,0.0499999999999999,0.0924062762007426,0.0712031381003713,1.0,,,0.0202407561777928,0.1972,0.7983
Texas,Heart Failure,parity_Texas_Cohort_Heart_Failure_hf.csv,Texas Cohort,Heart Failure (hf),XGBoost with ACT-parity,0.2313,0.7473,0.6343,0.6499,0.6272,0.5161,0.8773,336,273,315,47,0.381201044386423,0.4347826086956521,0.1066576086956521,0.1333333333333333,0.1066576086956521,0.1199954710144927,1.0,,,0.0598315117806385,0.2058,0.5806
Texas,Heart Failure,parity_Texas_Cohort_Heart_Failure_hf.csv,Texas Cohort,Heart Failure (hf),XGBoost baseline,0.1733,0.7551,0.6578,0.651,0.6169,0.5081,0.906,347,252,336,36,0.412532637075718,0.4297520661157025,0.0860020661157024,0.154874651810585,0.0860020661157024,0.1204383589631437,1.0,,,0.0208807847821723,0.2043,0.5557
Texas,Heart Failure,parity_Texas_Cohort_Heart_Failure_hf.csv,Texas Cohort,Heart Failure (hf),HIR-M3 Transformer,0.5204,0.5405,0.4275,0.5661,0.3955,0.3948,1.0,383,1,587,0,0.0,0.0,0.0,0.0,0.0,0.0,1.0,,,0.0,0.2822,0.9942
Texas,Heart Failure,parity_Texas_Cohort_Heart_Failure_hf.csv,Texas Cohort,Heart Failure (hf),HIR-M3 Transformer with ACT-parity,0.3256,0.5223,0.4149,0.5661,0.3955,0.3948,1.0,383,1,587,0,0.9660574412532638,0.9855072463768116,0.030961791831357,0.119405756731662,0.030961791831357,0.0751837742815095,1.0,,,0.0403210751079847,0.239,0.4591
Texas,Heart Failure,parity_Texas_Cohort_Heart_Failure_hf.csv,Texas Cohort,Heart Failure (hf),XGBoost + HIR-M3 Ensemble (30:70),0.4748,0.7528,0.6566,0.6458,0.6148,0.5067,0.8903,341,256,332,42,0.206266318537859,0.2148760330578512,0.0586260330578512,0.0264856081708448,0.0586260330578512,0.042555820614348,1.0,,30:70,0.0041232338689374,0.2315,2.559
Texas,Heart Failure,parity_Texas_Cohort_Heart_Failure_hf.csv,Texas Cohort,Heart Failure (hf),XGBoost + HIR-M3 Ensemble (30:70) with ACT-parity,0.3385,0.739,0.6117,0.6445,0.6138,0.506,0.8877,340,256,332,43,0.6814621409921671,0.7101449275362319,0.0695199275362319,0.0416666666666666,0.0695199275362319,0.0555932971014493,1.0,,30:70,0.0560765577720776,0.2111,2.337
Texas,Hypertension,parity_Texas_Cohort_Hypertension_hyp.csv,Texas Cohort,Hypertension (hyp),CatBoost with ACT-parity,0.515,0.7879,0.5348,0.5507,0.726,0.4606,0.6847,543,1804,636,250,0.3026481715006305,0.8333333333333334,0.5695035460992908,0.2980624638519376,0.5695035460992908,0.4337830049756142,1.0,,,0.0729943603871929,0.1818,0.9016
Texas,Hypertension,parity_Texas_Cohort_Hypertension_hyp.csv,Texas Cohort,Hypertension (hyp),CatBoost baseline,0.5166,0.7977,0.5503,0.561,0.7294,0.4658,0.7049,559,1799,641,234,0.2736443883984867,0.3046875,0.0403196839080459,0.2269230769230769,0.0403196839080459,0.1336213804155614,1.0,,,0.0302021942994584,0.1783,0.9939
Texas,Hypertension,parity_Texas_Cohort_Hypertension_hyp.csv,Texas Cohort,Hypertension (hyp),XGBoost with ACT-parity,0.4244,0.7873,0.5369,0.5422,0.6814,0.4187,0.7692,610,1593,847,183,0.3379571248423707,0.8888888888888888,0.5931442080378251,0.2765760555234239,0.5931442080378251,0.4348601317806245,1.0,,,0.1152813363213541,0.1773,0.7668
Texas,Hypertension,parity_Texas_Cohort_Hypertension_hyp.csv,Texas Cohort,Hypertension (hyp),XGBoost baseline,0.5276,0.7845,0.5258,0.5462,0.7374,0.474,0.6444,511,1873,567,282,0.3215636822194199,0.3888888888888889,0.0957854406130268,0.1096298438403701,0.0957854406130268,0.1027076422266985,1.0,,,0.007595633057114,0.1751,0.755
Texas,Hypertension,parity_Texas_Cohort_Hypertension_hyp.csv,Texas Cohort,Hypertension (hyp),HIR-M3 Transformer,0.4635,0.5584,0.2925,0.3979,0.2651,0.249,0.9899,785,72,2368,8,0.9546027742749056,1.0,0.0574468085106383,0.0323308270676691,0.0574468085106383,0.0448888177891537,1.0,,,0.0685190785643393,0.2411,5.6145
Texas,Hypertension,parity_Texas_Cohort_Hypertension_hyp.csv,Texas Cohort,Hypertension (hyp),HIR-M3 Transformer with ACT-parity,0.1224,0.5426,0.2677,0.3974,0.3526,0.2575,0.8701,690,450,1990,103,1.0,1.0,0.0,0.0,0.0,0.0,1.0,,,0.0,0.1917,0.4258
Texas,Hypertension,parity_Texas_Cohort_Hypertension_hyp.csv,Texas Cohort,Hypertension (hyp),XGBoost + HIR-M3 Ensemble (30:70),0.4979,0.784,0.5214,0.5482,0.7405,0.4784,0.6419,509,1885,555,284,0.3707440100882724,0.4444444444444444,0.1111111111111111,0.1360902255639097,0.1111111111111111,0.1236006683375104,1.0,,30:70,0.0185965724784699,0.2032,3.4067
Texas,Hypertension,parity_Texas_Cohort_Hypertension_hyp.csv,Texas Cohort,Hypertension (hyp),XGBoost + HIR-M3 Ensemble (30:70) with ACT-parity,0.255,0.7768,0.5175,0.542,0.7083,0.4408,0.7037,558,1732,708,235,1.0,1.0,0.0,0.0,0.0,0.0,1.0,,30:70,0.0,0.1609,2.2271
