Cohort,Model,Metric,Mean,CI_Lower,CI_Upper,Formatted
Texas Cohort,LightGBM,ROC_AUC,0.827517008085995,0.8232825266261697,0.8326133241434902,0.8275 (0.8233 - 0.8326)
Texas Cohort,LightGBM,PR_AUC,0.48630570919622174,0.4730610545125299,0.49895219698457777,0.4863 (0.4731 - 0.4990)
Texas Cohort,LightGBM,F1_Score,0.4876114314622189,0.4774231340955039,0.4975714192299228,0.4876 (0.4774 - 0.4976)
Texas Cohort,LightGBM,Accuracy,0.8202437818431971,0.8168825375669111,0.8233409291226863,0.8202 (0.8169 - 0.8233)
Texas Cohort,LightGBM,Precision,0.4333903083823031,0.42215132349730544,0.44337265614431376,0.4334 (0.4222 - 0.4434)
Texas Cohort,LightGBM,Recall_Sensitivity,0.5573818414724677,0.5473580708431856,0.568186020332018,0.5574 (0.5474 - 0.5682)
Texas Cohort,LightGBM,Specificity,0.8678954209224693,0.8645871498529409,0.8713444368329789,0.8679 (0.8646 - 0.8713)
Texas Cohort,LightGBM,Brier_Score,0.1751167371689786,0.1730690025274476,0.1770911420637375,0.1751 (0.1731 - 0.1771)
Texas Cohort,XGBoost,ROC_AUC,0.8234531428718008,0.8188399981362355,0.8287235957888954,0.8235 (0.8188 - 0.8287)
Texas Cohort,XGBoost,PR_AUC,0.4822149757114333,0.4698817086627113,0.4944370735413634,0.4822 (0.4699 - 0.4944)
Texas Cohort,XGBoost,F1_Score,0.484874194497222,0.4756449876430501,0.4941504131741309,0.4849 (0.4756 - 0.4942)
Texas Cohort,XGBoost,Accuracy,0.8151913279016273,0.8120740804437088,0.818433045983189,0.8152 (0.8121 - 0.8184)
Texas Cohort,XGBoost,Precision,0.42366224522349755,0.41308268415905075,0.43262022292936453,0.4237 (0.4131 - 0.4326)
Texas Cohort,XGBoost,Recall_Sensitivity,0.566806850613187,0.5574339798685573,0.5793341145177648,0.5668 (0.5574 - 0.5793)
Texas Cohort,XGBoost,Specificity,0.8602190657431374,0.8567726947381611,0.8633210328363702,0.8602 (0.8568 - 0.8633)
Texas Cohort,XGBoost,Brier_Score,0.10300920113795688,0.10133190563312969,0.10500735043293255,0.1030 (0.1013 - 0.1050)
Texas Cohort,CatBoost,ROC_AUC,0.8211546775485757,0.8155818932237091,0.8261057076032562,0.8212 (0.8156 - 0.8261)
Texas Cohort,CatBoost,PR_AUC,0.47942473775750716,0.46679792105763007,0.4913379959598715,0.4794 (0.4668 - 0.4913)
Texas Cohort,CatBoost,F1_Score,0.48065271355347966,0.47033939304345224,0.49094700562973626,0.4807 (0.4703 - 0.4909)
Texas Cohort,CatBoost,Accuracy,0.8029297891093579,0.7995652127179311,0.8064148590837759,0.8029 (0.7996 - 0.8064)
Texas Cohort,CatBoost,Precision,0.4035245177026758,0.3920933436712396,0.4126584538031051,0.4035 (0.3921 - 0.4127)
Texas Cohort,CatBoost,Recall_Sensitivity,0.5942774937775477,0.5843892366111753,0.6064061446232147,0.5943 (0.5844 - 0.6064)
Texas Cohort,CatBoost,Specificity,0.840753946779278,0.8374859925875446,0.8439996883296835,0.8408 (0.8375 - 0.8440)
Texas Cohort,CatBoost,Brier_Score,0.10331277639511935,0.10165445511005623,0.10545936554033107,0.1033 (0.1017 - 0.1055)
Texas Cohort,Random Forest,ROC_AUC,0.7985181158291818,0.7928196922615892,0.8044747964204725,0.7985 (0.7928 - 0.8045)
Texas Cohort,Random Forest,PR_AUC,0.43492545682456524,0.4223239213585511,0.4485416189301709,0.4349 (0.4223 - 0.4485)
Texas Cohort,Random Forest,F1_Score,0.4632048086136866,0.4535408201852876,0.47382963408805073,0.4632 (0.4535 - 0.4738)
Texas Cohort,Random Forest,Accuracy,0.7923353827632909,0.7884380978996927,0.7959482554764925,0.7923 (0.7884 - 0.7959)
Texas Cohort,Random Forest,Precision,0.38389150544702866,0.37404891861743267,0.3940288021859195,0.3839 (0.3740 - 0.3940)
Texas Cohort,Random Forest,Recall_Sensitivity,0.5838731792150925,0.5727134303169759,0.5961818488406345,0.5839 (0.5727 - 0.5962)
Texas Cohort,Random Forest,Specificity,0.8301261884221208,0.8267661624271937,0.8336352513084555,0.8301 (0.8268 - 0.8336)
Texas Cohort,Random Forest,Brier_Score,0.11165299295851189,0.10968954270253825,0.11389262129404094,0.1117 (0.1097 - 0.1139)
Texas Cohort,Gradient Boosting,ROC_AUC,0.8066492602412577,0.8007622855018071,0.8123552164847494,0.8066 (0.8008 - 0.8124)
Texas Cohort,Gradient Boosting,PR_AUC,0.44060210369452557,0.4275408578228651,0.4552107342839931,0.4406 (0.4275 - 0.4552)
Texas Cohort,Gradient Boosting,F1_Score,0.46722270799873045,0.4578804315119068,0.4771098878659045,0.4672 (0.4579 - 0.4771)
Texas Cohort,Gradient Boosting,Accuracy,0.7931695939119032,0.7897091385944923,0.7970639766107015,0.7932 (0.7897 - 0.7971)
Texas Cohort,Gradient Boosting,Precision,0.38633670404594256,0.37612797359810635,0.3963901340224181,0.3863 (0.3761 - 0.3964)
Texas Cohort,Gradient Boosting,Recall_Sensitivity,0.5909952036139966,0.5795715695837672,0.6037138624330274,0.5910 (0.5796 - 0.6037)
Texas Cohort,Gradient Boosting,Specificity,0.8298198894425407,0.826424710340822,0.833668276848741,0.8298 (0.8264 - 0.8337)
Texas Cohort,Gradient Boosting,Brier_Score,0.10857200063040899,0.10672582167969491,0.11080139132102364,0.1086 (0.1067 - 0.1108)
Texas Cohort,Logistic Regression,ROC_AUC,0.8150361719480506,0.8098981407005192,0.8206385666674278,0.8150 (0.8099 - 0.8206)
Texas Cohort,Logistic Regression,PR_AUC,0.4638463677518402,0.4515239298993463,0.47797149139804546,0.4638 (0.4515 - 0.4780)
Texas Cohort,Logistic Regression,F1_Score,0.4769928153748482,0.4675886792740867,0.4858850489975349,0.4770 (0.4676 - 0.4859)
Texas Cohort,Logistic Regression,Accuracy,0.8063244620246363,0.8033622116645528,0.8099845217877336,0.8063 (0.8034 - 0.8100)
Texas Cohort,Logistic Regression,Precision,0.40728166950201866,0.3971958828705658,0.41678629047016547,0.4073 (0.3972 - 0.4168)
Texas Cohort,Logistic Regression,Recall_Sensitivity,0.5755371786403403,0.5651736390431766,0.5869697626269922,0.5755 (0.5652 - 0.5870)
Texas Cohort,Logistic Regression,Specificity,0.8481614425658327,0.8451304168091126,0.851456648533997,0.8482 (0.8451 - 0.8515)
Texas Cohort,Logistic Regression,Brier_Score,0.10464312210376076,0.10289770226783626,0.10675198565896185,0.1046 (0.1029 - 0.1068)
Texas Cohort,Standard MLP,ROC_AUC,0.8075925103757942,0.8019833551481517,0.8131221797173699,0.8076 (0.8020 - 0.8131)
Texas Cohort,Standard MLP,PR_AUC,0.454315531789915,0.4424100351794129,0.46801612036493434,0.4543 (0.4424 - 0.4680)
Texas Cohort,Standard MLP,F1_Score,0.4733497077875917,0.46403249773429356,0.4826869813522968,0.4733 (0.4640 - 0.4827)
Texas Cohort,Standard MLP,Accuracy,0.8074897349356149,0.8042328611045425,0.8110427370638691,0.8075 (0.8042 - 0.8110)
Texas Cohort,Standard MLP,Precision,0.40794315360980177,0.3986062676320853,0.41771928021777116,0.4079 (0.3986 - 0.4177)
Texas Cohort,Standard MLP,Recall_Sensitivity,0.563781275270896,0.5527989137925865,0.5762598117255305,0.5638 (0.5528 - 0.5763)
Texas Cohort,Standard MLP,Specificity,0.8516698561868168,0.8479162283209196,0.854816527352463,0.8517 (0.8479 - 0.8548)
Texas Cohort,Standard MLP,Brier_Score,0.10579267141996702,0.10401312090959877,0.10775792288928654,0.1058 (0.1040 - 0.1078)
Texas Cohort,Standard Transformer,ROC_AUC,0.8150844343587147,0.8101426537475083,0.820143494407299,0.8151 (0.8101 - 0.8201)
Texas Cohort,Standard Transformer,PR_AUC,0.44417718765480374,0.4297372888901124,0.4570103658782725,0.4442 (0.4297 - 0.4570)
Texas Cohort,Standard Transformer,F1_Score,0.4699019962409142,0.46006853713888907,0.48009319058140015,0.4699 (0.4601 - 0.4801)
Texas Cohort,Standard Transformer,Accuracy,0.7823713911043274,0.7790662553475073,0.7857616570286132,0.7824 (0.7791 - 0.7858)
Texas Cohort,Standard Transformer,Precision,0.3752060635578301,0.3657466672763202,0.38419759254337543,0.3752 (0.3657 - 0.3842)
Texas Cohort,Standard Transformer,Recall_Sensitivity,0.62858287316122,0.6180397842498462,0.640954767332943,0.6286 (0.6180 - 0.6410)
Texas Cohort,Standard Transformer,Specificity,0.810249385655309,0.8070554204803175,0.8143992346625061,0.8102 (0.8071 - 0.8144)
Texas Cohort,Standard Transformer,Brier_Score,0.10558007709321286,0.10393482402907071,0.10751785810536009,0.1056 (0.1039 - 0.1075)
Texas Cohort,SAINT Transformer,ROC_AUC,0.8166187765701981,0.8117493385055624,0.8216387364504852,0.8166 (0.8117 - 0.8216)
Texas Cohort,SAINT Transformer,PR_AUC,0.4609449650927513,0.4482442982708842,0.474951225938031,0.4609 (0.4482 - 0.4750)
Texas Cohort,SAINT Transformer,F1_Score,0.47366999385523756,0.46349883116212787,0.4833551218530929,0.4737 (0.4635 - 0.4834)
Texas Cohort,SAINT Transformer,Accuracy,0.7927327643657159,0.7894941634241246,0.7963362856590064,0.7927 (0.7895 - 0.7963)
Texas Cohort,SAINT Transformer,Precision,0.3880675129920834,0.37716257049681956,0.39730246181341156,0.3881 (0.3772 - 0.3973)
Texas Cohort,SAINT Transformer,Recall_Sensitivity,0.6077731869364166,0.597352032604093,0.6202111455620699,0.6078 (0.5974 - 0.6202)
Texas Cohort,SAINT Transformer,Specificity,0.8262618060736032,0.822637834272419,0.8295065158605721,0.8263 (0.8226 - 0.8295)
Texas Cohort,SAINT Transformer,Brier_Score,0.10496546967370883,0.10318885428512593,0.10742350724305362,0.1050 (0.1032 - 0.1074)
Texas Cohort,HIR-M3 Transformer,ROC_AUC,0.8180037114601078,0.8131482360647635,0.8228883935178123,0.8180 (0.8131 - 0.8229)
Texas Cohort,HIR-M3 Transformer,PR_AUC,0.4600366481494087,0.44737522856686973,0.47314811504860144,0.4600 (0.4474 - 0.4731)
Texas Cohort,HIR-M3 Transformer,F1_Score,0.4756480350164087,0.46612845731476793,0.48527627386360567,0.4756 (0.4661 - 0.4853)
Texas Cohort,HIR-M3 Transformer,Accuracy,0.7995933744652493,0.7965587849603372,0.802959133220113,0.7996 (0.7966 - 0.8030)
Texas Cohort,HIR-M3 Transformer,Precision,0.3973863940320132,0.3882128531497088,0.40731804732581256,0.3974 (0.3882 - 0.4073)
Texas Cohort,HIR-M3 Transformer,Recall_Sensitivity,0.5923376130455427,0.5820424456619835,0.6037223194064111,0.5923 (0.5820 - 0.6037)
Texas Cohort,HIR-M3 Transformer,Specificity,0.8371645245429467,0.833907649223304,0.840357459969452,0.8372 (0.8339 - 0.8404)
Texas Cohort,HIR-M3 Transformer,Brier_Score,0.10452964545785132,0.10272042508386844,0.10661965065691172,0.1045 (0.1027 - 0.1066)
